"","gene","ProbeID","micro_AR_FC","micro_IR_FC","antibody_nonphos","antibody_phos","rppa_AR_FC","rppa_IR_FC","max_AR_FC","AR_max_microORrppa","max_IR_FC","IR_max_microORrppa","max_AR_IR_FCs"
"1","ABL1",17090373,1.01024295284376,1.01038259280799,"c-Abl","c-Abl_pY412",1.00613829418177,0.998156496816349,1.01024295284376,"Micro AR FC",1.01038259280799,"Micro IR FC","Both Micro"
"2","ACSL1",16982047,0.972254468377648,1.05457267912177,"ACSL1",NA,0.973531549702958,1.03745826564147,0.973531549702958,"RPPA AR FC",1.05457267912177,"Micro IR FC","AR RPPA & IR Micro"
"3","ACSS2",16912975,1.00530626818469,1.01632283971852,"AceCS1",NA,0.977537415270054,1.02690770389142,1.00530626818469,"Micro AR FC",1.02690770389142,"RPPA IR FC","AR Micro & IR RPPA"
"4","ACTB",17054823,0.998473843475722,0.975075294003323,"b-Actin",NA,0.997466768144287,0.999018744960701,0.998473843475722,"Micro AR FC",0.999018744960701,"RPPA IR FC","AR Micro & IR RPPA"
"5","ACVRL1",16751381,1.12497520101853,1.00662260243535,"ACVRL1",NA,1.00570747187577,0.988843676317973,1.12497520101853,"Micro AR FC",1.00662260243535,"Micro IR FC","Both Micro"
"6","ADAR",16693813,1.02945453078388,1.01022920505836,"ADAR1",NA,1.00030234311376,0.993543170251264,1.02945453078388,"Micro AR FC",1.01022920505836,"Micro IR FC","Both Micro"
"7","AKT1",16797157,1.00673807517437,1.02080685466542,"Akt1","Akt1_pS473",1.00214272387288,0.982606972989594,1.00673807517437,"Micro AR FC",1.02080685466542,"Micro IR FC","Both Micro"
"8","AKT1S1",16874419,1.02228554983204,1.0024947031114,"PRAS40","PRAS40_pT246",1.00100419772043,1.00189503975952,1.02228554983204,"Micro AR FC",1.0024947031114,"Micro IR FC","Both Micro"
"9","AKT2",16872352,0.98855554337446,1.00385139835524,"Akt2","Akt2_pS474",1.0444803582215,0.948097498099004,1.0444803582215,"RPPA AR FC",1.00385139835524,"Micro IR FC","AR RPPA & IR Micro"
"10","ANXA1",17085901,1.05209718411151,1.08735645416541,"Annexin-I",NA,0.996784995842321,0.997380357468128,1.05209718411151,"Micro AR FC",1.08735645416541,"Micro IR FC","Both Micro"
"11","ANXA7",16715476,0.988080597632682,0.968116819310848,"Annexin-VII",NA,0.997632292501028,0.981735977413945,0.997632292501028,"RPPA AR FC",0.981735977413945,"RPPA IR FC","Both RPPA"
"12","AR",17104313,1.07611046150228,1.07497651482777,"AR",NA,0.986358200756044,1.01045732516516,1.07611046150228,"Micro AR FC",1.07497651482777,"Micro IR FC","Both Micro"
"13","ARAF",17103160,0.990877356127786,0.994823558403261,"A-Raf","A-Raf_pS299",0.974575656360996,0.99534238029627,0.990877356127786,"Micro AR FC",0.99534238029627,"RPPA IR FC","AR Micro & IR RPPA"
"14","ARHGAP45",16856421,1.04934169246676,1.02844798478859,"HMHA1",NA,1.02028742279344,0.987473433184316,1.04934169246676,"Micro AR FC",1.02844798478859,"Micro IR FC","Both Micro"
"15","ARID1A",16661255,1.01635363751782,1.01229543273647,"ARID1A",NA,1.0688455398606,0.988764134797254,1.0688455398606,"RPPA AR FC",1.01229543273647,"Micro IR FC","AR RPPA & IR Micro"
"16","ASNS",17125034,0.860794012697595,0.842264279152542,"ASNS",NA,0.955228607242588,0.98690099812768,0.955228607242588,"RPPA AR FC",0.98690099812768,"RPPA IR FC","Both RPPA"
"17","ATG3",16957372,1.03290451957714,0.980260643247349,"Atg3",NA,0.996923001797588,1.00472346896753,1.03290451957714,"Micro AR FC",1.00472346896753,"RPPA IR FC","AR Micro & IR RPPA"
"18","ATG4B",16893540,0.993671712150047,0.972120298902356,"Atg4B",NA,0.991115121725094,1.01840691432087,0.993671712150047,"Micro AR FC",1.01840691432087,"RPPA IR FC","AR Micro & IR RPPA"
"19","ATG5",17022190,1.00327363533648,0.958152226209913,"Atg5",NA,1.01784488617734,0.972437626095233,1.01784488617734,"RPPA AR FC",0.972437626095233,"RPPA IR FC","Both RPPA"
"20","ATG7",16937681,0.960606987324401,0.952470101941723,"Atg7",NA,0.974587899261989,0.993459524410586,0.974587899261989,"RPPA AR FC",0.993459524410586,"RPPA IR FC","Both RPPA"
"21","ATM",16730845,0.985136161287108,1.03122410716809,"ATM","ATM_pS1981",0.989067876750881,0.998749402958333,0.989067876750881,"RPPA AR FC",1.03122410716809,"Micro IR FC","AR RPPA & IR Micro"
"22","ATR",16959985,1.01479610124559,1.00230279387986,"ATR","ATR_pS428",1.01915321528811,0.79876957995214,1.01915321528811,"RPPA AR FC",1.00230279387986,"Micro IR FC","AR RPPA & IR Micro"
"23","ATRX",17112269,0.966108476993595,0.981802190059367,"ATRX",NA,1.0551789017987,1.00133759437235,1.0551789017987,"RPPA AR FC",1.00133759437235,"RPPA IR FC","Both RPPA"
"24","AURKA",16920548,1.01443125301798,0.984908912559103,"Aurora-A",NA,1.0038962879071,0.968731317304176,1.01443125301798,"Micro AR FC",0.984908912559103,"Micro IR FC","Both Micro"
"25","AURKB",16840902,0.965503413523334,0.957841054037801,"Aurora-B",NA,1.00071148346241,0.986918170068118,1.00071148346241,"RPPA AR FC",0.986918170068118,"RPPA IR FC","Both RPPA"
"26","AXL",16862439,1.0047272229962,1.02576946460662,"Axl",NA,0.992059453356859,0.991613357616326,1.0047272229962,"Micro AR FC",1.02576946460662,"Micro IR FC","Both Micro"
"27","BABAM1",16859454,0.997639777274652,0.970689575730028,"MERIT40","MERIT40_pS29",0.989622014947238,1.01221667005902,0.997639777274652,"Micro AR FC",1.01221667005902,"RPPA IR FC","AR Micro & IR RPPA"
"28","BAK1",17018274,1.08040698670789,1.01903147392411,"Bak",NA,0.990768339111913,0.994093713458966,1.08040698670789,"Micro AR FC",1.01903147392411,"Micro IR FC","Both Micro"
"29","BAP1",16954770,0.988382733016738,0.968768625446173,"BAP1",NA,0.99874414983948,0.993642556713427,0.99874414983948,"RPPA AR FC",0.993642556713427,"RPPA IR FC","Both RPPA"
"30","BAX",16863922,0.916484485010483,0.931295814583856,"Bax",NA,0.985534450492556,1.0239898584107,0.985534450492556,"RPPA AR FC",1.0239898584107,"RPPA IR FC","Both RPPA"
"31","BBC3",16873675,0.978040660388914,0.998876695048595,"Puma",NA,1.02079060500079,0.983518166019773,1.02079060500079,"RPPA AR FC",0.998876695048595,"Micro IR FC","AR RPPA & IR Micro"
"32","BCL2",16855673,1.02476582043083,0.87473165681973,"Bcl2",NA,1.05520313675695,0.918126211955766,1.05520313675695,"RPPA AR FC",0.918126211955766,"RPPA IR FC","Both RPPA"
"33","BCL2A1",16812344,0.918348368508209,0.933822469198322,"BCL2A1",NA,1.00221585292094,0.991153933095305,1.00221585292094,"RPPA AR FC",0.991153933095305,"RPPA IR FC","Both RPPA"
"34","BCL2L1",16918244,1.06692154504223,1.03402235017776,"Bcl-xL",NA,0.971799266004946,1.01352147281687,1.06692154504223,"Micro AR FC",1.03402235017776,"Micro IR FC","Both Micro"
"35","BECN1",16845263,1.00736800711103,0.989378481026923,"Beclin",NA,0.997139393198696,0.986925615232012,1.00736800711103,"Micro AR FC",0.989378481026923,"Micro IR FC","Both Micro"
"36","BID",16932008,0.960947692241853,1.00503192741008,"Bid",NA,0.971607000921391,1.03184608388844,0.971607000921391,"RPPA AR FC",1.03184608388844,"RPPA IR FC","Both RPPA"
"37","BIRC3",16730522,1.13992081634476,1.13648507802357,"c-IAP2",NA,1.04612031148399,0.988902542783004,1.13992081634476,"Micro AR FC",1.13648507802357,"Micro IR FC","Both Micro"
"38","BRD4",16869814,0.985899859514322,0.988345765016529,"BRD4",NA,1.07036086122596,0.999871333859457,1.07036086122596,"RPPA AR FC",0.999871333859457,"RPPA IR FC","Both RPPA"
"39","CA9",17084723,1.00576526297393,1.13827302126046,"CA9",NA,0.992503044158175,0.995142685678778,1.00576526297393,"Micro AR FC",1.13827302126046,"Micro IR FC","Both Micro"
"40","CANX",16993397,0.99019086430443,0.982556537964702,"Calnexin",NA,0.994241479712417,0.998569531390084,0.994241479712417,"RPPA AR FC",0.998569531390084,"RPPA IR FC","Both RPPA"
"41","CASP3",16982011,0.970152804232059,0.870531731815324,"Caspase-3-cleaved",NA,0.999225529846559,0.984737298309614,0.999225529846559,"RPPA AR FC",0.984737298309614,"RPPA IR FC","Both RPPA"
"42","CASP7",16709386,1.01737098163164,1.01385622676771,"Caspase-7-cleaved-",NA,0.996545224148419,1.00940699379401,1.01737098163164,"Micro AR FC",1.01385622676771,"Micro IR FC","Both Micro"
"43","CASP8",16889475,1.01589278124962,0.944985927422428,"Caspase-8",NA,1.00138533135695,0.988418108996956,1.01589278124962,"Micro AR FC",0.988418108996956,"RPPA IR FC","AR Micro & IR RPPA"
"44","CAV1",17050578,1.03541570607266,1.2367287452709,"Caveolin-1",NA,0.939893707184816,1.05698922583931,1.03541570607266,"Micro AR FC",1.2367287452709,"Micro IR FC","Both Micro"
"45","CCNB1",16985599,0.9744986508663,0.937482133417589,"Cyclin-B1",NA,1.00017879983521,0.982026014028175,1.00017879983521,"RPPA AR FC",0.982026014028175,"RPPA IR FC","Both RPPA"
"46","CCND1",16728261,1.0274027606061,1.0465132718387,"Cyclin-D1",NA,0.994507023529395,1.00397316720723,1.0274027606061,"Micro AR FC",1.0465132718387,"Micro IR FC","Both Micro"
"47","CCND3",17019169,1.00877596964302,0.994434020630308,"Cyclin-D3",NA,1.00321411588547,0.990369503590281,1.00877596964302,"Micro AR FC",0.994434020630308,"Micro IR FC","Both Micro"
"48","CCNE1",16860418,1.02825396469392,1.01341247047843,"Cyclin-E1",NA,1.00396203035964,0.994462700315257,1.02825396469392,"Micro AR FC",1.01341247047843,"Micro IR FC","Both Micro"
"49","CD274",17083357,1.03277310242573,1.03590348873026,"PD-L1",NA,1.00417634470955,0.99212183902829,1.03277310242573,"Micro AR FC",1.03590348873026,"Micro IR FC","Both Micro"
"50","CD276",16802854,0.981363888868389,0.966493917764983,"B7-H3",NA,1.03940748012786,0.954937383942508,1.03940748012786,"RPPA AR FC",0.966493917764983,"Micro IR FC","AR RPPA & IR Micro"
"51","CD38",16965268,1.00700399139743,1.01930201962693,"CD38",NA,0.998766040207003,0.993151771886319,1.00700399139743,"Micro AR FC",1.01930201962693,"Micro IR FC","Both Micro"
"52","CD4",16747417,1.02250571662213,1.01952410778024,"CD4",NA,0.971280338249898,0.987659342515243,1.02250571662213,"Micro AR FC",1.01952410778024,"Micro IR FC","Both Micro"
"53","CD44",16723614,1.0644317502177,1.13107879763538,"CD44",NA,1.00966210385879,0.986449094314912,1.0644317502177,"Micro AR FC",1.13107879763538,"Micro IR FC","Both Micro"
"54","CD86",16944618,0.996005173561002,1.0435144276517,"CD86",NA,0.987504802208716,0.992431869510609,0.996005173561002,"Micro AR FC",1.0435144276517,"Micro IR FC","Both Micro"
"55","CDC25C",17000439,0.990650955896224,0.986256190710596,"cdc25C",NA,1.0023641827672,0.984348152593568,1.0023641827672,"RPPA AR FC",0.986256190710596,"Micro IR FC","AR RPPA & IR Micro"
"56","CDC6",16834056,0.947009570473437,0.915598533988412,"Cdc6",NA,1.00004602931881,0.962907655569531,1.00004602931881,"RPPA AR FC",0.962907655569531,"RPPA IR FC","Both RPPA"
"57","CDH1",16820486,1.00814074852698,1.02113995273007,"E-Cadherin",NA,1.00458002929893,0.995438364885099,1.00814074852698,"Micro AR FC",1.02113995273007,"Micro IR FC","Both Micro"
"58","CDH2",16854437,1.06145334519714,1.1124530337415,"N-Cadherin",NA,0.994440855219326,0.995749426234659,1.06145334519714,"Micro AR FC",1.1124530337415,"Micro IR FC","Both Micro"
"59","CDH3",16820483,1.08114541716324,1.03111337511193,"P-Cadherin",NA,1.0046507623403,0.986761273778066,1.08114541716324,"Micro AR FC",1.03111337511193,"Micro IR FC","Both Micro"
"60","CDKN1A",17008007,1.00291003406356,1.00900245692487,"p21",NA,0.95531856207441,1.02629976865858,1.00291003406356,"Micro AR FC",1.02629976865858,"RPPA IR FC","AR Micro & IR RPPA"
"61","CDKN1B",16748477,1.04477828412036,1.03330912425264,"p27-Kip1","p27_pT157",1.01598780566513,1.00854621312775,1.04477828412036,"Micro AR FC",1.03330912425264,"Micro IR FC","Both Micro"
"62","CDKN2A",17092881,1.02951189821304,1.02712990398044,"CDKN2A",NA,0.989854227799547,0.984522140257866,1.02951189821304,"Micro AR FC",1.02712990398044,"Micro IR FC","Both Micro"
"63","CDT1",16821869,0.966395187534346,0.951809273544178,"CDT1",NA,0.99433958863873,0.996504192787951,0.99433958863873,"RPPA AR FC",0.996504192787951,"RPPA IR FC","Both RPPA"
"64","CHEK1",16733104,0.955898153316234,0.958425703912353,"Chk1","Chk1_pS296",0.999058052302362,1.0064639980869,0.999058052302362,"RPPA AR FC",1.0064639980869,"RPPA IR FC","Both RPPA"
"65","CHEK2",16933502,0.927235061151779,0.977895291003006,"Chk2","Chk2_pT68",1.0701007535452,0.958422839447285,1.0701007535452,"RPPA AR FC",0.977895291003006,"Micro IR FC","AR RPPA & IR Micro"
"66","CIITA",16815828,1.08594589747695,1.0639321880775,"CIITA",NA,0.99485501376754,1.00576100204671,1.08594589747695,"Micro AR FC",1.0639321880775,"Micro IR FC","Both Micro"
"67","CLDN7",16840599,0.961167426582617,0.962713341636423,"Claudin-7",NA,0.999327211012857,1.00495837114391,0.999327211012857,"RPPA AR FC",1.00495837114391,"RPPA IR FC","Both RPPA"
"68","COG3",16774551,0.969677230205201,0.93666979056948,"COG3",NA,1.01177373916794,0.969814422360448,1.01177373916794,"RPPA AR FC",0.969814422360448,"RPPA IR FC","Both RPPA"
"69","COL6A1",16923842,1.13528409226114,1.14966360288052,"Collagen-VI",NA,0.983535299286048,1.03136446601292,1.13528409226114,"Micro AR FC",1.14966360288052,"Micro IR FC","Both Micro"
"70","COPS5",17077888,1.0406962540915,1.01608533575447,"JAB1",NA,0.995132600443224,1.00842701238756,1.0406962540915,"Micro AR FC",1.01608533575447,"Micro IR FC","Both Micro"
"71","COX4I1",16821614,1.02156681948564,1.02377546387976,"Cox-IV",NA,1.01345174216843,0.9968671648939,1.02156681948564,"Micro AR FC",1.02377546387976,"Micro IR FC","Both Micro"
"72","CREB1",16890067,0.969949689363036,0.990939124062273,"Creb","CREB_pS133",0.997758830733115,0.984617838739174,0.997758830733115,"RPPA AR FC",0.990939124062273,"Micro IR FC","AR RPPA & IR Micro"
"73","CSK",16803059,0.976350495884063,0.953365769286447,"CSK",NA,0.993633744833287,1.00276889250676,0.993633744833287,"RPPA AR FC",1.00276889250676,"RPPA IR FC","Both RPPA"
"74","CTNNB1",16939558,0.994414628594809,0.975748957532015,"b-Catenin","b-Catenin_pT41_S45",1.03313718982278,0.978240523288253,1.03313718982278,"RPPA AR FC",0.978240523288253,"RPPA IR FC","Both RPPA"
"75","DAPK2",16810473,1.00874970721904,1.04812119733527,"DAPK2",NA,0.999401659102454,0.99505722952879,1.00874970721904,"Micro AR FC",1.04812119733527,"Micro IR FC","Both Micro"
"76","DDB1",16738963,1.00909381492941,1.01413138506697,"DDB-1",NA,0.99552024006556,1.01055613856544,1.00909381492941,"Micro AR FC",1.01413138506697,"Micro IR FC","Both Micro"
"77","DDR1",17030426,1.02650264946831,1.0326659137613,"DDR1",NA,0.992677982112647,0.988958383523135,1.02650264946831,"Micro AR FC",1.0326659137613,"Micro IR FC","Both Micro"
"78","DIABLO",16771632,1.02875616556998,1.03016014311397,"Smac",NA,0.975774793243182,1.01122598992098,1.02875616556998,"Micro AR FC",1.03016014311397,"Micro IR FC","Both Micro"
"79","DLAT",16731169,0.97992162464012,0.923401293897953,"PDH",NA,0.992230944990247,0.997054372839053,0.992230944990247,"RPPA AR FC",0.997054372839053,"RPPA IR FC","Both RPPA"
"80","DNM1L",16749826,1.02710078701779,1.00442158946533,"DRP1",NA,1.00557613381145,0.991715223389617,1.02710078701779,"Micro AR FC",1.00442158946533,"Micro IR FC","Both Micro"
"81","DNMT1",16868576,0.998645796997975,0.998793278683191,"DNMT1",NA,1.00513181770334,0.971194222577132,1.00513181770334,"RPPA AR FC",0.998793278683191,"Micro IR FC","AR RPPA & IR Micro"
"82","DPP4",16904278,1.00563659637286,1.03935266160091,"CD26",NA,0.983137589750066,0.992331394492255,1.00563659637286,"Micro AR FC",1.03935266160091,"Micro IR FC","Both Micro"
"83","DUSP4",17075973,1.04956037344916,1.10190332443531,"DUSP4",NA,1.02020901289403,0.997558555250154,1.04956037344916,"Micro AR FC",1.10190332443531,"Micro IR FC","Both Micro"
"84","DUSP6",16768297,0.936177334192519,0.984400899956543,"DUSP6",NA,0.995983518689803,0.983152737451679,0.995983518689803,"RPPA AR FC",0.984400899956543,"Micro IR FC","AR RPPA & IR Micro"
"85","DVL3",16948712,1.05979156065502,1.0547176517657,"DVL3",NA,1.03869210186239,0.992854740035668,1.05979156065502,"Micro AR FC",1.0547176517657,"Micro IR FC","Both Micro"
"86","E2F1",16918445,0.980836120637326,0.870335036759874,"E2F1",NA,0.983185230099598,1.00728626372777,0.983185230099598,"RPPA AR FC",1.00728626372777,"RPPA IR FC","Both RPPA"
"87","EEF2",16867212,0.993060317655312,1.00800443838816,"eEF2",NA,1.0298715576202,0.981363835292182,1.0298715576202,"RPPA AR FC",1.00800443838816,"Micro IR FC","AR RPPA & IR Micro"
"88","EGFR",17046135,1.02404773016199,1.08767681986733,"EGFR","EGFR_pY1173",1.00507330259222,0.99359872346195,1.02404773016199,"Micro AR FC",1.08767681986733,"Micro IR FC","Both Micro"
"89","EIF4E",16978142,0.969333431798353,0.945436866132546,"eIF4E","eIF4E_pS209",0.976367522771963,1.02581865255015,0.976367522771963,"RPPA AR FC",1.02581865255015,"RPPA IR FC","Both RPPA"
"90","EIF4EBP1",17067963,0.966385920013038,0.972473191928252,"4E-BP1","4E-BP1_pT37_T46",0.99904818105973,1.00562656327745,0.99904818105973,"RPPA AR FC",1.00562656327745,"RPPA IR FC","Both RPPA"
"91","EIF4G1",16948909,1.01708247853013,0.995024954109063,"eIF4G",NA,1.03833758278614,0.996106754103134,1.03833758278614,"RPPA AR FC",0.996106754103134,"RPPA IR FC","Both RPPA"
"92","ENO1",16681370,1.03691840862852,1.05264759830655,"Enolase-1",NA,0.990964957935757,0.99898235602773,1.03691840862852,"Micro AR FC",1.05264759830655,"Micro IR FC","Both Micro"
"93","ENO2",16747570,0.988224302575223,1.03522401687327,"Enolase-2",NA,0.982787538879191,1.00563193065108,0.988224302575223,"Micro AR FC",1.03522401687327,"Micro IR FC","Both Micro"
"94","ENY2",17071855,1.02002076705969,1.02035720564724,"ENY2",NA,0.996854547531542,1.00289452564421,1.02002076705969,"Micro AR FC",1.02035720564724,"Micro IR FC","Both Micro"
"95","EPHA2",16682098,0.999055051295113,0.939974020284169,"EPHA2",NA,0.997160822099983,0.980229363765315,0.999055051295113,"Micro AR FC",0.980229363765315,"RPPA IR FC","AR Micro & IR RPPA"
"96","EPPK1",17082362,1.03843506891884,1.02172129765271,"VHL-EPPK1",NA,1.01725985860774,1.0394793949049,1.03843506891884,"Micro AR FC",1.0394793949049,"RPPA IR FC","AR Micro & IR RPPA"
"97","ERBB3",16752397,1.05362406188927,1.06757719416307,"HER3","HER3_pY1289",0.992516129292832,1.0033045758462,1.05362406188927,"Micro AR FC",1.06757719416307,"Micro IR FC","Both Micro"
"98","ERCC1",16873313,1.01323143307295,1.04178641306486,"ERCC1",NA,0.991946805557074,1.00887323784745,1.01323143307295,"Micro AR FC",1.04178641306486,"Micro IR FC","Both Micro"
"99","ERCC4",16815971,0.986082191405903,0.936905196975302,"XPF",NA,0.994854342229326,1.00248233278149,0.994854342229326,"RPPA AR FC",1.00248233278149,"RPPA IR FC","Both RPPA"
"100","ERRFI1",16681304,0.934006323965457,0.964541648739799,"MIG6",NA,0.999366177738749,0.996919847642379,0.999366177738749,"RPPA AR FC",0.996919847642379,"RPPA IR FC","Both RPPA"
"101","ESRRA",16726429,0.946552679631462,0.945750557647151,"ERRalpha",NA,0.996780766657767,0.97975784762358,0.996780766657767,"RPPA AR FC",0.97975784762358,"RPPA IR FC","Both RPPA"
"102","ETS1",16745997,1.01223805208419,1.03373968394521,"Ets-1",NA,0.999884316120439,0.99911513628287,1.01223805208419,"Micro AR FC",1.03373968394521,"Micro IR FC","Both Micro"
"103","FASN",16850107,1.00574938813787,1.00816273185018,"FASN",NA,0.977630089094375,1.00535640563819,1.00574938813787,"Micro AR FC",1.00816273185018,"Micro IR FC","Both Micro"
"104","FGF2",16970404,0.93336332171843,0.969694397850177,"FGF-basic",NA,1.0071174473796,0.993921499765157,1.0071174473796,"RPPA AR FC",0.993921499765157,"RPPA IR FC","Both RPPA"
"105","FN1",16908037,1.12309638244073,1.28866786185313,"Fibronectin",NA,0.91497438368147,1.10379471199627,1.12309638244073,"Micro AR FC",1.28866786185313,"Micro IR FC","Both Micro"
"106","FOXM1",16760048,0.931498269339436,0.925713628632012,"FOXM1",NA,0.999051189157555,0.976213568423272,0.999051189157555,"RPPA AR FC",0.976213568423272,"RPPA IR FC","Both RPPA"
"107","FOXO3",17011450,1.08525553648428,1.0933036232493,"FOXO3","FoxO3a_pS318_S321",0.975646632550867,1.0184034676604,1.08525553648428,"Micro AR FC",1.0933036232493,"Micro IR FC","Both Micro"
"108","G6PD",17115636,1.00211645568933,0.98682786226424,"G6PD",NA,1.00811657148373,0.993784888463487,1.00811657148373,"RPPA AR FC",0.993784888463487,"RPPA IR FC","Both RPPA"
"109","GAB2",16742647,1.00817732503722,0.997002603495108,"Gab2",NA,1.02871541515826,0.985455078462114,1.02871541515826,"RPPA AR FC",0.997002603495108,"Micro IR FC","AR RPPA & IR Micro"
"110","GAPDH",16747338,1.0224129361042,1.04586743210443,"GAPDH",NA,0.951975462652529,1.0338792596127,1.0224129361042,"Micro AR FC",1.04586743210443,"Micro IR FC","Both Micro"
"111","GATA3",16702351,1.0359583794966,1.02829829298091,"GATA3",NA,0.984901472232246,1.02488634604352,1.0359583794966,"Micro AR FC",1.02829829298091,"Micro IR FC","Both Micro"
"112","GATA6",16851383,1.04347232535823,1.01318999523161,"GATA6",NA,0.99281278996973,0.992085412427891,1.04347232535823,"Micro AR FC",1.01318999523161,"Micro IR FC","Both Micro"
"113","GCLM",16689752,0.987975240154403,0.876556645556074,"GCLM",NA,0.995606766761737,1.0032507641483,0.995606766761737,"RPPA AR FC",1.0032507641483,"RPPA IR FC","Both RPPA"
"114","GJA1",17012148,1.21778425613759,1.78218958036981,"Connexin-43",NA,1.05524680676345,1.32768888676523,1.21778425613759,"Micro AR FC",1.78218958036981,"Micro IR FC","Both Micro"
"115","GLI1",16752888,1.12903730076433,1.04367239424715,"Gli1",NA,0.992280559806889,1.01175691635119,1.12903730076433,"Micro AR FC",1.04367239424715,"Micro IR FC","Both Micro"
"116","GLI3",17056992,0.94340015689142,1.00892540846033,"Gli3",NA,0.987970701925705,1.00765125894683,0.987970701925705,"RPPA AR FC",1.00892540846033,"Micro IR FC","AR RPPA & IR Micro"
"117","GLS",16888865,1.04844844028846,1.00977516147209,"Glutaminase",NA,1.00406581718768,0.984514115041741,1.04844844028846,"Micro AR FC",1.00977516147209,"Micro IR FC","Both Micro"
"118","GLUD1",16716239,1.03679470435893,1.0622981768601,"Glutamate-D1-2",NA,0.999048200135459,0.995359150088037,1.03679470435893,"Micro AR FC",1.0622981768601,"Micro IR FC","Both Micro"
"119","GRB7",16833876,0.974959185861973,1.02607942410013,"GRB7",NA,0.995526915938035,0.995874687668163,0.995526915938035,"RPPA AR FC",1.02607942410013,"Micro IR FC","AR RPPA & IR Micro"
"120","GSK3B",16957843,1.00041026001188,1.01156447234523,"GSK-3B",NA,1.01777045061996,0.985377901721512,1.01777045061996,"RPPA AR FC",1.01156447234523,"Micro IR FC","AR RPPA & IR Micro"
"121","GYS1",16874156,1.02639834156509,1.0310879775469,"Gys","Gys_pS641",1.01275362999271,0.985366776703455,1.02639834156509,"Micro AR FC",1.0310879775469,"Micro IR FC","Both Micro"
"122","GZMB",16791444,0.987904052287882,1.037841776837,"Granzyme-B",NA,0.985177500465608,1.01652346741247,0.987904052287882,"Micro AR FC",1.037841776837,"Micro IR FC","Both Micro"
"123","HES1",16949759,1.01786421835254,1.03501834724577,"HES1",NA,1.05401407295534,0.97568837542975,1.05401407295534,"RPPA AR FC",1.03501834724577,"Micro IR FC","AR RPPA & IR Micro"
"124","HIF1A",16785058,0.99236222056989,1.01333579228274,"Hif-1-alpha",NA,0.975358678953239,1.10224179826413,0.99236222056989,"Micro AR FC",1.10224179826413,"RPPA IR FC","AR Micro & IR RPPA"
"125","HIST1H2BB",17016369,1.06820259948945,1.02620983850085,"U-Histone-H2B",NA,0.961032760974006,0.959624894268876,1.06820259948945,"Micro AR FC",1.02620983850085,"Micro IR FC","Both Micro"
"126","HIST1H3A",17005532,1.00390385122462,0.95712940237971,"DM-Histone-H3","Histone-H3_pS10",0.998994178302824,1.00128455006227,1.00390385122462,"Micro AR FC",1.00128455006227,"RPPA IR FC","AR Micro & IR RPPA"
"127","HK1",16705577,1.03181450529458,1.03037963257794,"Hexokinase-I",NA,0.998411842115837,0.981699794006876,1.03181450529458,"Micro AR FC",1.03037963257794,"Micro IR FC","Both Micro"
"128","HK2",16881838,1.06532633142943,1.09375944680439,"Hexokinase-II",NA,1.00706636913327,0.996351736095777,1.06532633142943,"Micro AR FC",1.09375944680439,"Micro IR FC","Both Micro"
"129","HLA-DQA1",17038609,1.06977809995492,1.0453390490142,"HLA-DQA1",NA,1.00273279397707,0.995541577095919,1.06977809995492,"Micro AR FC",1.0453390490142,"Micro IR FC","Both Micro"
"130","HLA-DRA",17007257,0.950819134078185,1.03572399215307,"HLA-DR-DP-DQ-DX",NA,0.991778295948816,1.0088535284141,0.991778295948816,"RPPA AR FC",1.03572399215307,"Micro IR FC","AR RPPA & IR Micro"
"131","HSBP1",16821398,1.01463153205877,1.01011671528017,"HSP27","HSP27_pS82",1.08883640554615,1.10661943569474,1.08883640554615,"RPPA AR FC",1.10661943569474,"RPPA IR FC","Both RPPA"
"132","HSPA5",17098411,0.98896938401754,0.993269975420079,"BiP-GRP78",NA,0.9944721000908,0.999439544730857,0.9944721000908,"RPPA AR FC",0.999439544730857,"RPPA IR FC","Both RPPA"
"133","HSPA9",17000485,0.999409824580716,0.987926615827551,"Grp75",NA,1.00081779202903,0.982193996997327,1.00081779202903,"RPPA AR FC",0.987926615827551,"Micro IR FC","AR RPPA & IR Micro"
"134","HSPD1",16906962,0.990011661260559,0.968229072702713,"HSP60",NA,1.00806061007341,0.979836981090145,1.00806061007341,"RPPA AR FC",0.979836981090145,"RPPA IR FC","Both RPPA"
"135","HUWE1",17111262,0.991737380933635,1.00360542627022,"Lasu1",NA,0.996601722009323,1.01343327912891,0.996601722009323,"RPPA AR FC",1.01343327912891,"RPPA IR FC","Both RPPA"
"136","IDO1",17068296,1.04685266439849,1.02079354132774,"IDO",NA,1.01320396386511,0.997245181050434,1.04685266439849,"Micro AR FC",1.02079354132774,"Micro IR FC","Both Micro"
"137","IGF1R",16805495,1.02722880667249,1.01227340036426,"IGFRb",NA,1.04192241732301,0.969812219577123,1.04192241732301,"RPPA AR FC",1.01227340036426,"Micro IR FC","AR RPPA & IR Micro"
"138","IGFBP2",16890675,1.07880969971337,1.03993350627975,"IGFBP2",NA,1.04677063894826,0.966516085206467,1.07880969971337,"Micro AR FC",1.03993350627975,"Micro IR FC","Both Micro"
"139","IL6",17044177,1.01595045791396,0.939607374697384,"IL-6",NA,0.98900068848974,0.993715908975719,1.01595045791396,"Micro AR FC",0.993715908975719,"RPPA IR FC","AR Micro & IR RPPA"
"140","INPP4B",16980160,1.05683038605193,1.04079702077301,"INPP4b",NA,1.02430066732065,0.985522222953211,1.05683038605193,"Micro AR FC",1.04079702077301,"Micro IR FC","Both Micro"
"141","INSR",16867915,0.999043901692867,0.984247556439651,"IR-b",NA,1.03518034868095,0.961791894024626,1.03518034868095,"RPPA AR FC",0.984247556439651,"Micro IR FC","AR RPPA & IR Micro"
"142","IRF1",16999776,1.00100224047719,0.973575673553332,"IRF-1",NA,0.998639287151365,0.991780138456765,1.00100224047719,"Micro AR FC",0.991780138456765,"RPPA IR FC","AR Micro & IR RPPA"
"143","IRS1",16909165,0.940975779914931,1.00596610389351,"IRS1",NA,0.96858602152494,1.01007629969055,0.96858602152494,"RPPA AR FC",1.01007629969055,"RPPA IR FC","Both RPPA"
"144","IRS2",16780917,0.905019649847299,0.992942097007082,"IRS2",NA,0.946157516982792,1.04345469319325,0.946157516982792,"RPPA AR FC",1.04345469319325,"RPPA IR FC","Both RPPA"
"145","ITGA2",16984689,0.955066786346349,0.96182615098123,"CD49b",NA,0.98317975708429,1.00722984464185,0.98317975708429,"RPPA AR FC",1.00722984464185,"RPPA IR FC","Both RPPA"
"146","JAK2",17083319,1.02231173314405,1.02773616790106,"Jak2",NA,0.989172901443714,0.991176305310033,1.02231173314405,"Micro AR FC",1.02773616790106,"Micro IR FC","Both Micro"
"147","KAT2A",16845019,1.01351492654715,0.994061351832821,"GCN5L2",NA,1.01397115909879,0.992037148859068,1.01397115909879,"RPPA AR FC",0.994061351832821,"Micro IR FC","AR RPPA & IR Micro"
"148","KDR",16976029,1.07494094521,1.01013484001783,"VEGFR-2",NA,0.993335845781392,0.994909889718593,1.07494094521,"Micro AR FC",1.01013484001783,"Micro IR FC","Both Micro"
"149","KIT",16966855,1.05557193258087,1.03135396324563,"c-Kit",NA,0.992715049845068,1.01380441571186,1.05557193258087,"Micro AR FC",1.03135396324563,"Micro IR FC","Both Micro"
"150","L1CAM",17115271,0.890792193277443,0.923529759635201,"CD171",NA,0.874052862775117,0.875375846529183,0.890792193277443,"Micro AR FC",0.923529759635201,"Micro IR FC","Both Micro"
"151","LAD1",16697893,1.05706893625178,0.986407623036989,"LAD1",NA,0.938385622978534,1.02261928412343,1.05706893625178,"Micro AR FC",1.02261928412343,"RPPA IR FC","AR Micro & IR RPPA"
"152","LCK",16662052,1.07077721723684,1.01405135148079,"Lck",NA,1.01242958437164,0.983406891621205,1.07077721723684,"Micro AR FC",1.01405135148079,"Micro IR FC","Both Micro"
"153","LDHA",16722603,1.01451525948115,1.10686140461091,"LDHA",NA,0.951392284821246,1.09535295840529,1.01451525948115,"Micro AR FC",1.10686140461091,"Micro IR FC","Both Micro"
"154","LIG4",16780896,0.857261701968446,0.908684832701225,"DNA-Ligase-IV",NA,0.993487884022574,0.993633071698519,0.993487884022574,"RPPA AR FC",0.993633071698519,"RPPA IR FC","Both RPPA"
"155","MAP2K1",16802190,0.993111088054171,1.02004696762847,"MEK1",NA,0.988631917106271,0.998835288505255,0.993111088054171,"Micro AR FC",1.02004696762847,"Micro IR FC","Both Micro"
"156","MAP2K2",16867240,0.98974297869807,0.928314228469788,"MEK2",NA,0.993712950527505,1.0046079900141,0.993712950527505,"RPPA AR FC",1.0046079900141,"RPPA IR FC","Both RPPA"
"157","MAPK14",17007884,1.00215045055145,1.01052782015248,"p38-a",NA,0.991946671965558,1.00045321416021,1.00215045055145,"Micro AR FC",1.01052782015248,"Micro IR FC","Both Micro"
"158","MAPK7",16832071,0.923315468247151,0.957027846820972,"Erk5","BMK1-Erk5_pT218_Y220",1.00493688062258,0.990051343058786,1.00493688062258,"RPPA AR FC",0.990051343058786,"RPPA IR FC","Both RPPA"
"159","MAPK9",17003898,0.969372343137627,0.951805670823879,"JNK2",NA,0.968986482460643,1.01014781030229,0.969372343137627,"Micro AR FC",1.01014781030229,"RPPA IR FC","AR Micro & IR RPPA"
"160","MAPT",16835016,0.989675605835165,1.03554612121217,"Tau",NA,1.01843771905132,0.984997963409903,1.01843771905132,"RPPA AR FC",1.03554612121217,"Micro IR FC","AR RPPA & IR Micro"
"161","MCL1",16692775,1.01326403354751,1.00647751856949,"Mcl-1",NA,1.00282371828905,0.979390668609851,1.01326403354751,"Micro AR FC",1.00647751856949,"Micro IR FC","Both Micro"
"162","MFN1",16948249,1.05072120427415,1.03515620566913,"Mitofusin-1",NA,0.995988887789914,0.988353849173891,1.05072120427415,"Micro AR FC",1.03515620566913,"Micro IR FC","Both Micro"
"163","MFN2",16659171,0.993858377659684,0.98782726372155,"Mitofusin-2",NA,1.02238879875187,0.992827829675517,1.02238879875187,"RPPA AR FC",0.992827829675517,"RPPA IR FC","Both RPPA"
"164","MIF",16928098,0.976519816622594,1.04002558371253,"MIF",NA,0.951465928827903,1.04292915482186,0.976519816622594,"Micro AR FC",1.04292915482186,"RPPA IR FC","AR Micro & IR RPPA"
"165","MITF",16942576,1.02331829819555,1.05980590407766,"MITF",NA,0.993994965812324,0.987939311347507,1.02331829819555,"Micro AR FC",1.05980590407766,"Micro IR FC","Both Micro"
"166","MKNK1",16686648,0.98328826680081,1.00335019205964,"Mnk1",NA,0.993213319373639,0.998471674033782,0.993213319373639,"RPPA AR FC",1.00335019205964,"Micro IR FC","AR RPPA & IR Micro"
"167","MLANA",17083417,1.05193752930282,1.05890703408538,"MelanA",NA,1.00097198150689,0.989241619951039,1.05193752930282,"Micro AR FC",1.05890703408538,"Micro IR FC","Both Micro"
"168","MLH1",16938899,1.00254580233243,0.980595481877333,"MLH1",NA,0.990547347495446,1.01026382092461,1.00254580233243,"Micro AR FC",1.01026382092461,"RPPA IR FC","AR Micro & IR RPPA"
"169","MLKL",16828344,1.01657563021598,0.956944665272183,"MLKL",NA,1.05483069322047,0.958069749112539,1.05483069322047,"RPPA AR FC",0.958069749112539,"RPPA IR FC","Both RPPA"
"170","MMP14",16782187,1.04675217978765,1.0564773873931,"MMP14",NA,0.992946159314343,0.990408513561705,1.04675217978765,"Micro AR FC",1.0564773873931,"Micro IR FC","Both Micro"
"171","MMP2",16819062,1.14160793633663,1.00748834101703,"MMP2",NA,1.00738915758546,0.992707423800017,1.14160793633663,"Micro AR FC",1.00748834101703,"Micro IR FC","Both Micro"
"172","MR1",16674604,1.06789408767439,1.05083243287754,"MR1",NA,1.01605128680537,0.971725610624306,1.06789408767439,"Micro AR FC",1.05083243287754,"Micro IR FC","Both Micro"
"173","MRAP",16922134,1.03997317193566,1.06330483781073,"MRAP",NA,0.995355326252475,1.00245409989419,1.03997317193566,"Micro AR FC",1.06330483781073,"Micro IR FC","Both Micro"
"174","MS4A1",16725252,1.02183065988987,1.01483732232487,"CD20",NA,0.988647659869581,0.997730992827026,1.02183065988987,"Micro AR FC",1.01483732232487,"Micro IR FC","Both Micro"
"175","MSH2",16879883,1.01806953440528,1.02628359568748,"MSH2",NA,0.993385410339629,1.02013794414588,1.01806953440528,"Micro AR FC",1.02628359568748,"Micro IR FC","Both Micro"
"176","MSH6",16879923,1.00867457948927,0.987095651088062,"MSH6",NA,0.969663102388913,0.985651820330315,1.00867457948927,"Micro AR FC",0.987095651088062,"Micro IR FC","Both Micro"
"177","MSI2",16836375,1.00855456509483,0.962117115919689,"MSI2",NA,1.00779485188737,0.979152954163366,1.00855456509483,"Micro AR FC",0.979152954163366,"RPPA IR FC","AR Micro & IR RPPA"
"178","MTOR",16681661,0.992593692605681,0.980446274666794,"mTOR","mTOR_pS2448",1.00998710065195,1.0017062650451,1.00998710065195,"RPPA AR FC",1.0017062650451,"RPPA IR FC","Both RPPA"
"179","MTSS1",17080897,1.19818330610675,1.21821820534192,"MTSS1",NA,0.9925355850476,0.995556382105488,1.19818330610675,"Micro AR FC",1.21821820534192,"Micro IR FC","Both Micro"
"180","MUC1",16693976,0.833767830520564,0.9841341340676,"EMA",NA,0.940504145731736,1.05056296328503,0.940504145731736,"RPPA AR FC",1.05056296328503,"RPPA IR FC","Both RPPA"
"181","MYC",17072669,0.967632500790807,0.976443290278061,"c-Myc",NA,1.0003617861494,0.990526313964905,1.0003617861494,"RPPA AR FC",0.990526313964905,"RPPA IR FC","Both RPPA"
"182","MYH9",16934491,1.05586056692227,1.06264805025687,"Myosin-IIa","Myosin-IIa_pS1943",0.975032567900178,1.01597037406117,1.05586056692227,"Micro AR FC",1.06264805025687,"Micro IR FC","Both Micro"
"183","NAPSA",16874546,1.09693065454327,1.08361355329911,"NAPSIN-A",NA,0.995141022234581,0.995969987753556,1.09693065454327,"Micro AR FC",1.08361355329911,"Micro IR FC","Both Micro"
"184","NDUFB4",16944502,1.00925355081195,1.00656214778004,"NDUFB4",NA,0.989563120012781,0.995262164334675,1.00925355081195,"Micro AR FC",1.00656214778004,"Micro IR FC","Both Micro"
"185","NF2",16928824,0.950326999023062,1.01668311424289,"Merlin",NA,0.954020926401347,1.06870143137886,0.954020926401347,"RPPA AR FC",1.06870143137886,"RPPA IR FC","Both RPPA"
"186","NFE2L2",16905475,0.972893073810889,0.967285079116941,"NRF2",NA,1.00770989953912,0.995416397229155,1.00770989953912,"RPPA AR FC",0.995416397229155,"RPPA IR FC","Both RPPA"
"187","NKX2-1",16792135,1.01003857500509,0.989845203408865,"TTF1",NA,1.01361809092427,0.993676300695103,1.01361809092427,"RPPA AR FC",0.993676300695103,"RPPA IR FC","Both RPPA"
"188","NOTCH1",17100036,0.96145756011518,0.919288764461689,"Notch1",NA,1.04539042911261,0.974976361698255,1.04539042911261,"RPPA AR FC",0.974976361698255,"RPPA IR FC","Both RPPA"
"189","NOTCH3",16869769,1.01108350139476,1.02855226261392,"Notch3",NA,0.999925617226375,0.973322990355442,1.01108350139476,"Micro AR FC",1.02855226261392,"Micro IR FC","Both Micro"
"190","NQO1",16827679,1.0152953088379,0.975716053022113,"NQO1",NA,0.97151354074855,0.999992370693596,1.0152953088379,"Micro AR FC",0.999992370693596,"RPPA IR FC","AR Micro & IR RPPA"
"191","NR2F2",16805422,1.06069082506422,1.08492460764686,"Coup-TFII",NA,1.04838308987051,0.976645932992102,1.06069082506422,"Micro AR FC",1.08492460764686,"Micro IR FC","Both Micro"
"192","NRAS",16691262,0.99025701028253,0.983985976491548,"N-Ras",NA,0.99531329222083,0.979307214972879,0.99531329222083,"RPPA AR FC",0.983985976491548,"Micro IR FC","AR RPPA & IR Micro"
"193","NRG1",17067696,1.05241668203186,1.05408900821441,"Heregulin",NA,1.00024574649418,0.998019947480074,1.05241668203186,"Micro AR FC",1.05408900821441,"Micro IR FC","Both Micro"
"194","PAICS",16967031,1.00732320068684,1.00272358790696,"PAICS",NA,0.953832513875739,1.04501938720141,1.00732320068684,"Micro AR FC",1.04501938720141,"RPPA IR FC","AR Micro & IR RPPA"
"195","PAK1",16742454,1.10268555289256,1.05699499135696,"PAK1",NA,0.999786039885904,0.985393118134627,1.10268555289256,"Micro AR FC",1.05699499135696,"Micro IR FC","Both Micro"
"196","PAK4",16861930,1.02160248495547,0.993801522810247,"PAK4",NA,1.00327915898106,0.994224932675279,1.02160248495547,"Micro AR FC",0.994224932675279,"RPPA IR FC","AR Micro & IR RPPA"
"197","PARK7",16658568,1.0251532802332,1.00301530480274,"DJ1",NA,1.00918187945017,0.993648444101758,1.0251532802332,"Micro AR FC",1.00301530480274,"Micro IR FC","Both Micro"
"198","PARP1",16699739,0.998521629076307,0.994367724802102,"PARP",NA,0.992742265240026,0.982474703875497,0.998521629076307,"Micro AR FC",0.994367724802102,"Micro IR FC","Both Micro"
"199","PAX8",16902015,0.919071946281206,0.915780132966821,"PAX8",NA,0.988186543242906,1.00110799481704,0.988186543242906,"RPPA AR FC",1.00110799481704,"RPPA IR FC","Both RPPA"
"200","PCNA",16916958,0.977373514157904,0.950615832824928,"PCNA",NA,0.994758148513618,0.987981724724969,0.994758148513618,"RPPA AR FC",0.987981724724969,"RPPA IR FC","Both RPPA"
"201","PDCD1",16910536,1.12516812281269,1.05356269753668,"PD-1",NA,0.989953305700262,0.990713710884406,1.12516812281269,"Micro AR FC",1.05356269753668,"Micro IR FC","Both Micro"
"202","PDHA1",17101957,1.0365787303833,1.00494231646255,"PDHA1",NA,0.99759060901137,0.99850256934248,1.0365787303833,"Micro AR FC",1.00494231646255,"Micro IR FC","Both Micro"
"203","PDPK1",16815160,1.01507525076443,0.981543300659131,"PDK1","PDK1_pS241",0.997384506275668,0.999882013023977,1.01507525076443,"Micro AR FC",0.999882013023977,"RPPA IR FC","AR Micro & IR RPPA"
"204","PEA15",16672583,1.04054626738916,1.03821801831104,"PEA-15","PEA-15_pS116",0.992017198115135,1.0104508284704,1.04054626738916,"Micro AR FC",1.03821801831104,"Micro IR FC","Both Micro"
"205","PECAM1",17125960,1.00755942932352,1.0061318791441,"CD31",NA,0.994141192031697,0.995022510930539,1.00755942932352,"Micro AR FC",1.0061318791441,"Micro IR FC","Both Micro"
"206","PGR",16743577,0.614338642155305,0.884478153816036,"PR",NA,0.960628332667905,1.04307793411487,0.960628332667905,"RPPA AR FC",1.04307793411487,"RPPA IR FC","Both RPPA"
"207","PHLPP1",16852789,0.934018999909374,0.953978601078005,"PHLPP",NA,1.00272107868914,0.991626949700613,1.00272107868914,"RPPA AR FC",0.991626949700613,"RPPA IR FC","Both RPPA"
"208","PIK3CA",17122922,1.02308330152839,1.0157485555784,"PI3K-p110-a",NA,1.01757809407806,0.987890577159295,1.02308330152839,"Micro AR FC",1.0157485555784,"Micro IR FC","Both Micro"
"209","PIK3CB",16959701,0.987965566063863,0.982074061442848,"PI3K-p110-b",NA,0.989106229128736,0.993560336217207,0.989106229128736,"RPPA AR FC",0.993560336217207,"RPPA IR FC","Both RPPA"
"210","PIK3R1",16985518,1.02665210539618,1.08865215369291,"PI3K-p85",NA,1.01296876455181,0.995905449512022,1.02665210539618,"Micro AR FC",1.08865215369291,"Micro IR FC","Both Micro"
"211","PKM",16811372,1.00594126353961,1.02576471060474,"PKM2",NA,0.961848553480154,1.01095706293082,1.00594126353961,"Micro AR FC",1.02576471060474,"Micro IR FC","Both Micro"
"212","PKMYT1",16823229,0.947014916010822,0.909246433133035,"Myt1",NA,1.00184644507202,0.971623471987776,1.00184644507202,"RPPA AR FC",0.971623471987776,"RPPA IR FC","Both RPPA"
"213","PLK1",16817017,0.991782483272539,0.957591527100081,"PLK1",NA,1.08682044082647,0.950442911516427,1.08682044082647,"RPPA AR FC",0.957591527100081,"Micro IR FC","AR RPPA & IR Micro"
"214","PMEL",16765848,1.04617684309772,0.998929769306848,"Melanoma-gp100",NA,1.00481505213724,0.995601467393413,1.04617684309772,"Micro AR FC",0.998929769306848,"Micro IR FC","Both Micro"
"215","PMS2",17054923,0.928601725525516,0.996661096513451,"PMS2",NA,0.975620667387471,0.998047678885302,0.975620667387471,"RPPA AR FC",0.998047678885302,"RPPA IR FC","Both RPPA"
"216","POLG",16813073,1.00499111204188,0.997498608314171,"DNA_POLG",NA,0.995173095715946,1.00019120132873,1.00499111204188,"Micro AR FC",1.00019120132873,"RPPA IR FC","AR Micro & IR RPPA"
"217","POU5F1",17017102,0.997839397845148,0.969389169640938,"4-Oct",NA,1.03633937739085,0.983591389518754,1.03633937739085,"RPPA AR FC",0.983591389518754,"RPPA IR FC","Both RPPA"
"218","PPIF",16706499,1.01849697792514,0.97533961859657,"Cyclophilin-F",NA,1.0185231597312,0.968126862536238,1.0185231597312,"RPPA AR FC",0.97533961859657,"Micro IR FC","AR RPPA & IR Micro"
"219","PREX1",16920047,1.01213894265835,1.02492913057596,"PREX1",NA,0.974242353848912,0.985055625679045,1.01213894265835,"Micro AR FC",1.02492913057596,"Micro IR FC","Both Micro"
"220","PRKAR1A",16837326,1.01328828596666,1.01662541712417,"PKA-a",NA,1.05097325665595,0.96288450389593,1.05097325665595,"RPPA AR FC",1.01662541712417,"Micro IR FC","AR RPPA & IR Micro"
"221","PRKCA",16837128,0.993149352392822,1.1169998992967,"PKCa",NA,0.977100651682271,1.02648207257464,0.993149352392822,"Micro AR FC",1.1169998992967,"Micro IR FC","Both Micro"
"222","PTCH1",17096091,0.830948551407319,0.88764738279859,"Patched",NA,1.00067491725512,0.983699648073388,1.00067491725512,"RPPA AR FC",0.983699648073388,"RPPA IR FC","Both RPPA"
"223","PTEN",16707030,1.02089684054405,0.981416271844787,"PTEN",NA,1.00434291467657,0.987822743118073,1.02089684054405,"Micro AR FC",0.987822743118073,"RPPA IR FC","AR Micro & IR RPPA"
"224","PTGS2",16697370,1.03506221800009,1.03350058440518,"Cox2",NA,1.00497924514185,0.995885782310554,1.03506221800009,"Micro AR FC",1.03350058440518,"Micro IR FC","Both Micro"
"225","PTK2",17081737,1.00683286455464,1.0426941109766,"FAK","FAK_pY397",1.03691719222193,0.99438918863182,1.03691719222193,"RPPA AR FC",1.0426941109766,"Micro IR FC","AR RPPA & IR Micro"
"226","PTPN11",16757255,1.00073764799579,0.981891488925084,"SHP2","SHP-2_pY542",1.00859935435369,1.01658797185159,1.00859935435369,"RPPA AR FC",1.01658797185159,"RPPA IR FC","Both RPPA"
"227","PTPN12",17047652,0.968509989212058,0.968768629170944,"PTPN12",NA,0.974267966638941,1.01026093910755,0.974267966638941,"RPPA AR FC",1.01026093910755,"RPPA IR FC","Both RPPA"
"228","PTPRC",16675578,0.989518565329432,1.10208135049446,"CD45",NA,1.00113005102629,0.986186796867947,1.00113005102629,"RPPA AR FC",1.10208135049446,"Micro IR FC","AR RPPA & IR Micro"
"229","PXN",16771242,1.03364410284721,1.02976574050468,"Paxillin",NA,1.00285827114482,0.999665669205257,1.03364410284721,"Micro AR FC",1.02976574050468,"Micro IR FC","Both Micro"
"230","PYGB",16912167,1.04628152711688,1.04537708877395,"PYGB",NA,0.993817966980483,0.993964611420654,1.04628152711688,"Micro AR FC",1.04537708877395,"Micro IR FC","Both Micro"
"231","PYGM",16739979,1.07151927945876,1.10745589747067,"PYGM",NA,0.994520157770281,0.987323072414608,1.07151927945876,"Micro AR FC",1.10745589747067,"Micro IR FC","Both Micro"
"232","RAB25",16671901,1.00408534589054,1.01899878801745,"Rab25",NA,0.994144051557553,0.988744975635797,1.00408534589054,"Micro AR FC",1.01899878801745,"Micro IR FC","Both Micro"
"233","RAD23A",16858788,0.974658336196622,0.977883410649217,"Rad23A",NA,1.08684165221099,0.980533159890041,1.08684165221099,"RPPA AR FC",0.980533159890041,"RPPA IR FC","Both RPPA"
"234","RAD50",16989054,1.03266903896104,1.02142517433634,"Rad50",NA,0.995980348251928,1.00394397198576,1.03266903896104,"Micro AR FC",1.02142517433634,"Micro IR FC","Both Micro"
"235","RAD51",16799637,0.916889675780975,0.870960252227492,"Rad51",NA,0.97243380085366,1.07181904229141,0.97243380085366,"RPPA AR FC",1.07181904229141,"RPPA IR FC","Both RPPA"
"236","RAF1",16950848,1.00119934428714,0.978838021492527,"C-Raf","C-Raf_pS338",1.00971548851122,1.00512272906939,1.00971548851122,"RPPA AR FC",1.00512272906939,"RPPA IR FC","Both RPPA"
"237","RB1",16774690,0.551912257405026,0.685241130271839,"Rb","Rb_pS807_S811",1.01089815860627,0.992803251292461,1.01089815860627,"RPPA AR FC",0.992803251292461,"RPPA IR FC","Both RPPA"
"238","RBBP8",16851397,0.966072715284808,0.932853485406978,"CtIP",NA,1.02225008490626,0.980709233183213,1.02225008490626,"RPPA AR FC",0.980709233183213,"RPPA IR FC","Both RPPA"
"239","RBM15",16668550,1.02078452588971,0.988654542652686,"RBM15",NA,0.996297266287678,0.989583273263973,1.02078452588971,"Micro AR FC",0.989583273263973,"RPPA IR FC","AR Micro & IR RPPA"
"240","RHEB",17064544,0.928585995375116,0.915890069783463,"Rheb",NA,0.993074555747689,0.99094084586465,0.993074555747689,"RPPA AR FC",0.99094084586465,"RPPA IR FC","Both RPPA"
"241","RICTOR",16995551,1.01892659371218,1.03825381318739,"Rictor","Rictor_pT1135",0.983596271268177,1.00894503823455,1.01892659371218,"Micro AR FC",1.03825381318739,"Micro IR FC","Both Micro"
"242","RIPK1",17004295,1.00976992587429,0.998097130284923,"RIP",NA,0.982902275386172,1.01013066211469,1.00976992587429,"Micro AR FC",1.01013066211469,"RPPA IR FC","AR Micro & IR RPPA"
"243","RIPK3",16791371,1.04799697769134,1.02837063049274,"RIP3",NA,0.992785534886338,1.00144186681773,1.04799697769134,"Micro AR FC",1.02837063049274,"Micro IR FC","Both Micro"
"244","RPA2",16684089,0.9833616082189,0.973431458780148,"RPA32","RPA32_pS4_S8",1.00771130426304,0.98900891614234,1.00771130426304,"RPPA AR FC",0.98900891614234,"RPPA IR FC","Both RPPA"
"245","RPS6",17092737,0.995513198089605,0.990174972683177,"S6","S6_pS235_S236",1.05056953927567,1.00806997796556,1.05056953927567,"RPPA AR FC",1.00806997796556,"RPPA IR FC","Both RPPA"
"246","RPS6KB1",16836626,1.00844267873088,1.00600802114564,"p70-S6K1","p70-S6K_pT389",1.21873632034586,1.09406003293563,1.21873632034586,"RPPA AR FC",1.09406003293563,"RPPA IR FC","Both RPPA"
"247","RPTOR",16838698,1.00804541860624,1.00789912949917,"Raptor",NA,0.993897674745627,0.992967043270191,1.00804541860624,"Micro AR FC",1.00789912949917,"Micro IR FC","Both Micro"
"248","RRM1",16721126,1.01245826801472,0.983787358382622,"RRM1",NA,0.995181102400554,1.00471703640157,1.01245826801472,"Micro AR FC",1.00471703640157,"RPPA IR FC","AR Micro & IR RPPA"
"249","RRM2",16877019,0.983734991886473,0.97922489806445,"RRM2",NA,0.977483022168097,0.999397452987296,0.983734991886473,"Micro AR FC",0.999397452987296,"RPPA IR FC","AR Micro & IR RPPA"
"250","S100A4",16693449,1.06171562332819,0.988322672349191,"S100A4",NA,1.00697539039988,0.995292001763906,1.06171562332819,"Micro AR FC",0.995292001763906,"RPPA IR FC","AR Micro & IR RPPA"
"251","SCD",16708249,0.986423150365347,1.00988766558334,"SCD",NA,0.990391646118579,1.00972938197211,0.990391646118579,"RPPA AR FC",1.00988766558334,"Micro IR FC","AR RPPA & IR Micro"
"252","SDHA",16982511,0.970106786521868,0.947651688340947,"SDHA",NA,0.977676738423711,1.00110091862883,0.977676738423711,"RPPA AR FC",1.00110091862883,"RPPA IR FC","Both RPPA"
"253","SDHB",16682384,0.973527085495359,0.926764054461386,"Complex-II-Subunit",NA,0.991744325780266,0.990861990232582,0.991744325780266,"RPPA AR FC",0.990861990232582,"RPPA IR FC","Both RPPA"
"254","SERPINE1",17049676,1.06524932162456,1.17552642559529,"PAI-1",NA,0.998025969495754,0.987385307970274,1.06524932162456,"Micro AR FC",1.17552642559529,"Micro IR FC","Both Micro"
"255","SETD2",16953052,0.996324800547297,1.01506325585347,"SETD2",NA,0.992543830982488,1.00167243846918,0.996324800547297,"Micro AR FC",1.01506325585347,"Micro IR FC","Both Micro"
"256","SFRP1",17076609,1.05265775405904,1.02120581946204,"SFRP1",NA,0.994958381504884,1.00030189965491,1.05265775405904,"Micro AR FC",1.02120581946204,"Micro IR FC","Both Micro"
"257","SLC16A3",16839019,0.963160066156442,0.994554230589653,"MCT4",NA,1.03712056363814,0.982011466519976,1.03712056363814,"RPPA AR FC",0.994554230589653,"Micro IR FC","AR RPPA & IR Micro"
"258","SLC1A5",16873632,0.95001605488194,0.963511032156822,"SLC1A5",NA,0.983085996831652,0.974290943891305,0.983085996831652,"RPPA AR FC",0.974290943891305,"RPPA IR FC","Both RPPA"
"259","SLFN11",16843404,1.03265462634147,1.03555827115163,"Slfn11",NA,0.994209266287524,1.00656349234185,1.03265462634147,"Micro AR FC",1.03555827115163,"Micro IR FC","Both Micro"
"260","SMAD1",16971167,1.02191936002311,1.08175117340309,"Smad1",NA,0.999352304801264,0.997358732395876,1.02191936002311,"Micro AR FC",1.08175117340309,"Micro IR FC","Both Micro"
"261","SMAD3",16802251,1.06223014314273,1.02880427392657,"Smad3",NA,1.00723384502699,0.992732856231896,1.06223014314273,"Micro AR FC",1.02880427392657,"Micro IR FC","Both Micro"
"262","SMAD4",16852371,0.989453136225587,1.02786905094596,"Smad4",NA,0.994000802136351,0.986676193326052,0.994000802136351,"RPPA AR FC",1.02786905094596,"Micro IR FC","AR RPPA & IR Micro"
"263","SNAI1",16914791,0.956702141575869,0.953267281044364,"Snail",NA,0.990273876400226,0.993611222622574,0.990273876400226,"RPPA AR FC",0.993611222622574,"RPPA IR FC","Both RPPA"
"264","SOD1",16922102,1.01459564798045,0.999444900082208,"SOD1",NA,0.989303546748431,1.00146837480771,1.01459564798045,"Micro AR FC",1.00146837480771,"RPPA IR FC","AR Micro & IR RPPA"
"265","SOD2",17025267,0.967750383082036,0.981226992543847,"SOD2",NA,0.997052611934812,0.993016602124604,0.997052611934812,"RPPA AR FC",0.993016602124604,"RPPA IR FC","Both RPPA"
"266","SOX17",17068972,0.99127825082436,0.973297699164272,"SOX17",NA,0.991441420882138,0.993957732567322,0.991441420882138,"RPPA AR FC",0.993957732567322,"RPPA IR FC","Both RPPA"
"267","SOX2",16948461,1.11902766541896,1.20071704397941,"Sox2",NA,0.987660771326781,1.00915167587377,1.11902766541896,"Micro AR FC",1.20071704397941,"Micro IR FC","Both Micro"
"268","SRC",16913413,0.958225409411021,0.944487185497522,"Src","Src_pY527",1.01509671102626,1.00524927762914,1.01509671102626,"RPPA AR FC",1.00524927762914,"RPPA IR FC","Both RPPA"
"269","SRSF1",16846993,0.992433203233559,0.972704634970995,"SF2",NA,0.993218223578635,0.985010558516936,0.993218223578635,"RPPA AR FC",0.985010558516936,"RPPA IR FC","Both RPPA"
"270","STAT3",16845126,1.0169381024953,1.06546171647524,"Stat3","Stat3_pY705",1.03381234205984,0.956290095297407,1.03381234205984,"RPPA AR FC",1.06546171647524,"Micro IR FC","AR RPPA & IR Micro"
"271","STAT5A",16834273,1.06922065911787,1.03787461669137,"Stat5a",NA,1.01778978925876,0.981685266993736,1.06922065911787,"Micro AR FC",1.03787461669137,"Micro IR FC","Both Micro"
"272","STMN1",16683723,0.969009635281947,1.01716940349625,"Stathmin-1",NA,1.01221571206375,0.993590280888516,1.01221571206375,"RPPA AR FC",1.01716940349625,"Micro IR FC","AR RPPA & IR Micro"
"273","SYK",17086708,1.06899121770821,1.0063011748112,"Syk",NA,0.984297014663943,1.00101694447259,1.06899121770821,"Micro AR FC",1.0063011748112,"Micro IR FC","Both Micro"
"274","TFAM",16705074,1.00061083570527,0.967229475962017,"TFAM",NA,0.992016739528058,1.01428137633581,1.00061083570527,"Micro AR FC",1.01428137633581,"RPPA IR FC","AR Micro & IR RPPA"
"275","TGM2",16919158,0.947089451495483,0.969622691586986,"Transglutaminase",NA,0.993256598780788,0.98781712386495,0.993256598780788,"RPPA AR FC",0.98781712386495,"RPPA IR FC","Both RPPA"
"276","TIGAR",16747004,0.979952976283123,0.962557693759208,"TIGAR",NA,0.985086159922188,1.01885984188978,0.985086159922188,"RPPA AR FC",1.01885984188978,"RPPA IR FC","Both RPPA"
"277","TMEM173",17000650,1.00807724685556,1.042565357829,"STING",NA,1.02327679202261,0.980202326524269,1.02327679202261,"RPPA AR FC",1.042565357829,"Micro IR FC","AR RPPA & IR Micro"
"278","TNFRSF12A",16815310,1.02537534764582,1.00766980440703,"FN14",NA,1.0009895553193,0.97862854520467,1.02537534764582,"Micro AR FC",1.00766980440703,"Micro IR FC","Both Micro"
"279","TNFRSF4",16680085,1.01617374350087,1.01401199977756,"CD134",NA,0.996090801507206,0.995809312724578,1.01617374350087,"Micro AR FC",1.01401199977756,"Micro IR FC","Both Micro"
"280","TP53",16840732,1.00010880920372,1.00405251091434,"p53",NA,1.00244345862238,1.0018381166433,1.00244345862238,"RPPA AR FC",1.00405251091434,"Micro IR FC","AR RPPA & IR Micro"
"281","TP53BP1",16808109,0.987741202711163,0.989356277335989,"53BP1",NA,0.987478975195413,0.991420476122602,0.987741202711163,"Micro AR FC",0.991420476122602,"RPPA IR FC","AR Micro & IR RPPA"
"282","TRAP1",16823413,1.01625592269603,0.985479561028408,"TRAP1",NA,0.99539643956733,0.996031405371373,1.01625592269603,"Micro AR FC",0.996031405371373,"RPPA IR FC","AR Micro & IR RPPA"
"283","TRIM28",16866337,0.993799919102513,0.976924529560091,"KAP1",NA,1.0040513308454,0.986285097232587,1.0040513308454,"RPPA AR FC",0.986285097232587,"RPPA IR FC","Both RPPA"
"284","TRIP13",16982635,0.991355679018424,0.928645627653778,"TRIP13",NA,0.995940287159676,1.00777814522919,0.995940287159676,"RPPA AR FC",1.00777814522919,"RPPA IR FC","Both RPPA"
"285","TSC1",17099361,0.995312089905695,1.04338363597998,"TSC1",NA,1.01531959915684,0.994333045172771,1.01531959915684,"RPPA AR FC",1.04338363597998,"Micro IR FC","AR RPPA & IR Micro"
"286","TSC2",16814927,0.988931903675752,0.983177853885391,"Tuberin","Tuberin_pT1462",0.971341469064154,0.999931026471973,0.988931903675752,"Micro AR FC",0.999931026471973,"RPPA IR FC","AR Micro & IR RPPA"
"287","TYRO3",16799852,0.899916112288662,0.846999335974846,"Tyro3",NA,1.02133434628361,0.991630300542731,1.02133434628361,"RPPA AR FC",0.991630300542731,"RPPA IR FC","Both RPPA"
"288","UBAC1",17099799,0.991098172206276,0.965870119185373,"UBAC1",NA,0.995336951235613,0.979258656239822,0.995336951235613,"RPPA AR FC",0.979258656239822,"RPPA IR FC","Both RPPA"
"289","UBQLN4",16694429,0.977630815699348,0.967801803954149,"UBQLN4",NA,0.976766550800948,0.991484623196557,0.977630815699348,"Micro AR FC",0.991484623196557,"RPPA IR FC","AR Micro & IR RPPA"
"290","UQCRC2",16816739,0.979878023870906,0.981396343176882,"UQCRC2",NA,0.987197734702123,0.994169200028398,0.987197734702123,"RPPA AR FC",0.994169200028398,"RPPA IR FC","Both RPPA"
"291","UVRAG",16729188,0.969981866797381,0.982326780152325,"UVRAG",NA,0.995111662196816,1.00365535526615,0.995111662196816,"RPPA AR FC",1.00365535526615,"RPPA IR FC","Both RPPA"
"292","VASP",16863307,0.99977962983487,0.983560326994709,"VASP",NA,0.980337684690536,1.00089707038504,0.99977962983487,"Micro AR FC",1.00089707038504,"RPPA IR FC","AR Micro & IR RPPA"
"293","VAV1",16857490,0.838209890046705,0.889926511997697,"VAV1",NA,0.995502881550604,0.992016050271748,0.995502881550604,"RPPA AR FC",0.992016050271748,"RPPA IR FC","Both RPPA"
"294","VCL",16706200,1.00383061764744,0.97663324070149,"Vinculin",NA,1.02949632790365,0.964541272851514,1.02949632790365,"RPPA AR FC",0.97663324070149,"Micro IR FC","AR RPPA & IR Micro"
"295","VDAC1",16999985,0.998197539029901,1.00475191373076,"Porin",NA,0.994327251385923,0.987668152891999,0.998197539029901,"Micro AR FC",1.00475191373076,"Micro IR FC","Both Micro"
"296","VEGFA",17009093,0.968158475456991,1.0072733192163,"VEGF-164",NA,0.996312637385757,0.997916318885712,0.996312637385757,"RPPA AR FC",1.0072733192163,"Micro IR FC","AR RPPA & IR Micro"
"297","VHL",16937571,0.97761784193852,0.984502012687262,"VHL",NA,0.999766926645937,0.99680427852265,0.999766926645937,"RPPA AR FC",0.99680427852265,"RPPA IR FC","Both RPPA"
"298","VTCN1",16691459,1.05460252216996,1.4619036698739,"B7-H4",NA,1.01549974195478,0.998364754171172,1.05460252216996,"Micro AR FC",1.4619036698739,"Micro IR FC","Both Micro"
"299","WEE1",16721835,0.976464532404761,0.978236236634449,"Wee1","Wee1_pS642",0.986883210393578,1.00417649526097,0.986883210393578,"RPPA AR FC",1.00417649526097,"RPPA IR FC","Both RPPA"
"300","WIPI1",16848079,1.03187192539478,1.05209037100471,"WIPI1",NA,1.01105122313159,0.999970066158285,1.03187192539478,"Micro AR FC",1.05209037100471,"Micro IR FC","Both Micro"
"301","WIPI2",17043230,0.965992704369667,0.988376398993883,"WIPI2",NA,0.985398004640945,1.01034184134134,0.985398004640945,"RPPA AR FC",1.01034184134134,"RPPA IR FC","Both RPPA"
"302","WWTR1",16960371,0.97163644265032,0.955763912897515,"TAZ",NA,0.991718120761581,1.00928950201962,0.991718120761581,"RPPA AR FC",1.00928950201962,"RPPA IR FC","Both RPPA"
"303","XBP1",16933535,0.975016079916654,1.00481655655061,"XBP-1",NA,0.992253603909781,1.00382635797257,0.992253603909781,"RPPA AR FC",1.00481655655061,"Micro IR FC","AR RPPA & IR Micro"
"304","XIAP",17106723,0.955363300074175,0.974284111600897,"XIAP",NA,1.00016613009768,0.994890497953882,1.00016613009768,"RPPA AR FC",0.994890497953882,"RPPA IR FC","Both RPPA"
"305","XPA",17096383,1.02842457967162,1.02091836973492,"XPA",NA,0.992905166292286,0.988331692147309,1.02842457967162,"Micro AR FC",1.02091836973492,"Micro IR FC","Both Micro"
"306","XRCC1",16873015,1.02018866158087,1.02538354153462,"XRCC1",NA,1.01295190661382,0.997544559140254,1.02018866158087,"Micro AR FC",1.02538354153462,"Micro IR FC","Both Micro"
"307","YAP1",16730503,0.985025499513776,1.01272585655593,"YAP","YAP_pS127",0.909239433211133,1.08685308142695,0.985025499513776,"Micro AR FC",1.08685308142695,"RPPA IR FC","AR Micro & IR RPPA"
"308","YWHAB",16914103,1.01636730909532,1.00104415605543,"14-3-3-beta",NA,0.994962717361065,0.995038859411414,1.01636730909532,"Micro AR FC",1.00104415605543,"Micro IR FC","Both Micro"
"309","YWHAE",16839331,1.01526784792205,0.981368087556646,"14-3-3-epsilon",NA,0.992429289843329,0.994394607004834,1.01526784792205,"Micro AR FC",0.994394607004834,"RPPA IR FC","AR Micro & IR RPPA"
"310","YWHAZ",17079711,1.01194811750816,1.00814983934056,"14-3-3-zeta",NA,0.9952418274853,1.02406959364936,1.01194811750816,"Micro AR FC",1.02406959364936,"RPPA IR FC","AR Micro & IR RPPA"
"311","ZAP70",16883232,1.01584398031705,1.00752159582878,"ZAP-70",NA,1.03061020850517,0.991900978975233,1.03061020850517,"RPPA AR FC",1.00752159582878,"Micro IR FC","AR RPPA & IR Micro"
