"","micro_control","micro_AR","micro_IR","rppa_control","rppa_AR","rppa_IR","phosphorylated","gene","rppa_trans_control","rppa_trans_AR","rppa_trans_IR"
"1",7.081572684,7.197478973,7.088966951,1.069396733,0.998292103,1.000616048,FALSE,"YWHAB",6.38801685147883,6.35583860509565,6.35632500179639
"2",5.604789944,5.6903630245,5.5003619885,0.983162457,0.989554495,0.996426171,FALSE,"YWHAE",6.38274688214465,6.33442495549654,6.34696907748156
"3",9.622675825,9.7376486865,9.701099087,0.912184281,0.995117995,1.07925971,FALSE,"YWHAZ",6.37840924717783,6.3480596756104,6.53193496588673
"4",11.75832106,11.784557785,11.80652477,0.912184281,0.995117995,1.07925971,FALSE,"YWHAZ",6.37840924717783,6.3480596756104,6.53193496588673
"5",7.6819308635,7.423709825,7.470471827,1.265564652,1.064870306,0.98983933,FALSE,"EIF4EBP1",6.40000511143105,6.5190048068731,6.33226077318771
"6",7.6819308635,7.423709825,7.470471827,0.981306466,1.018947465,1.033182344,TRUE,"EIF4EBP1",6.38263345838662,6.40645963137776,6.42904498870539
"7",7.6819308635,7.423709825,7.470471827,1.158952525,1.059633105,1.002891939,TRUE,"EIF4EBP1",6.39348980607913,6.50616976241996,6.36140702781882
"8",5.845207308,5.7735520965,5.7829925425,1.09718851,0.979469615,0.99101882,FALSE,"TP53BP1",6.38971526908405,6.3097094857056,6.33489455436317
"9",7.3475744465,7.2805451415,7.3095401565,1.021059621,1.041063332,1.005945322,FALSE,"ARAF",6.38506286253431,6.46065998306651,6.36822518029733
"10",7.3475744465,7.2805451415,7.3095401565,0.977706777,0.972973573,0.991484457,TRUE,"ARAF",6.38241347334677,6.2937893428966,6.33593431389076
"11",5.8924796885,5.923746766,5.98866169,0.932554511,0.949536314,1.087939129,FALSE,"ACSS2",6.37965411745922,6.23635059629804,6.55131596138151
"12",5.7634756175,5.6035649225,6.078003923,1.036903998,0.941641655,1.121044995,FALSE,"ACSL1",6.3860311478239,6.21700279979236,6.6252407989538
"13",3.557212626,4.001775989,3.580770631,0.922801665,1.022622577,0.978925897,FALSE,"ACVRL1",6.37905809924321,6.41546639393857,6.3078912623016
"14",8.765392764,9.023573295,8.855055764,0.831476096,1.006275537,0.989867884,FALSE,"ADAR",6.3734769896151,6.3754039664936,6.33232453378567
"15",5.6069525825,5.6447326505,5.72361563,0.887393314,0.936334751,1.10625921,FALSE,"AKT1",6.37689421577831,6.20399693105665,6.59222439169522
"16",5.6069525825,5.6447326505,5.72361563,0.651825757,0.936031865,1.048362637,TRUE,"AKT1",6.36249815589236,6.2032546346899,6.46294232564032
"17",5.1113675305,5.0528707065,5.131053443,0.922517387,0.947367826,1.098708437,FALSE,"AKT2",6.37904072637929,6.23103618505507,6.5753636435858
"18",5.1113675305,5.0528707065,5.131053443,1.070529253,1.064225022,0.949832237,TRUE,"AKT2",6.38808606230713,6.51742338030099,6.242925612713
"19",6.649356725,6.627861246,6.6057175415,1.018694692,0.968088468,1.059128524,TRUE,"AMBRA1",6.38491833643766,6.28181719597437,6.4869823688096
"20",4.510982728,4.2275832575,4.5860550995,1.134121302,1.001887794,0.985147192,TRUE,"PRKAA2",6.39197231454549,6.36465072703345,6.32178330857414
"21",3.2355398545,3.40410237,3.5181851435,0.94701295,1.00000001,1.003973877,FALSE,"ANXA1",6.38053770498015,6.36002424973041,6.36382297703197
"22",8.741096935,8.6369082835,8.462402962,1.095186797,1.005892097,0.963252696,FALSE,"ANXA7",6.38959293992893,6.37446425280968,6.27289327015837
"23",6.702338541,7.2124566205,7.204856526,0.698945442,0.96675228,1.034479972,FALSE,"AR",6.36537774515204,6.27854253984073,6.43194257003219
"24",7.3379762985,7.457978903,7.4281998925,0.985757158,1.188642958,0.980402273,FALSE,"ARID1A",6.38290545012174,6.82234002171455,6.3111879848823
"25",6.9694475385,5.716257496,5.628322485,2.102309973,0.919326459,1.005234079,FALSE,"ASNS",6.45114048806701,6.16231394354252,6.36663698673522
"26",4.6915853935,3.243423131,2.9646095105,2.102309973,0.919326459,1.005234079,FALSE,"ASNS",6.45114048806701,6.16231394354252,6.36663698673522
"27",9.018006767,7.7626462315,7.595544969,2.102309973,0.919326459,1.005234079,FALSE,"ASNS",6.45114048806701,6.16231394354252,6.36663698673522
"28",8.063532439,8.3288591,7.9043634955,0.982271853,1.001235827,1.025925646,FALSE,"ATG3",6.38269245534377,6.36305292213213,6.41284090508585
"29",4.95734332,4.9259718245,4.81913407,1.000022091,0.986548541,1.06553273,FALSE,"ATG4B",6.38377721205854,6.32705812859528,6.50128285224445
"30",7.3231220145,7.3470952455,7.016665661,1.258496794,1.062735456,0.940992106,FALSE,"ATG5",6.39957317883248,6.51377283379229,6.22318575004658
"31",6.214918316,5.97009396,5.919523882,1.146303961,0.947052932,0.998188987,FALSE,"ATG7",6.3927168240644,6.2302644601417,6.35090541572657
"32",5.3037959455,5.224961178,5.4694022385,0.962595463,1.01291903,1.013365707,FALSE,"ATM",6.38148998717546,6.39168547411172,6.38479477421307
"33",5.3037959455,5.224961178,5.4694022385,0.964245932,0.984448189,1.009834997,TRUE,"ATM",6.38159085102473,6.32191070131739,6.37691075863514
"34",6.9919151865,7.0953682715,7.008016126,0.953752322,0.951663281,1.720965833,FALSE,"ATR",6.38094956306512,6.24156325015558,7.96485386043901
"35",6.9919151865,7.0953682715,7.008016126,1.060001865,1.003083955,1.006093886,TRUE,"ATR",6.38744271009845,6.36758221268926,6.36855692119089
"36",6.740902746,6.5124432855,6.618233079,1.122465625,1.156645626,1.020089515,FALSE,"ATRX",6.39126001007436,6.74392271854023,6.39980892349607
"37",8.185956677,8.304090289,8.062421689,0.869092939,1.016563727,0.920046124,FALSE,"AURKA",6.37577583896195,6.40061769726168,6.17641372731375
"38",8.1638768865,7.8822510015,7.819696442,1.069507121,1.013279368,0.977387729,FALSE,"AURKB",6.38802359753622,6.39256857068337,6.3044565592324
"39",3.8733236225,3.891633687,3.9731370985,1.000838905,0.989028572,0.988955974,FALSE,"AXL",6.3838271293876,6.33313605230495,6.33028825421423
"40",6.231709755,6.2221991905,6.0763862215,0.872934901,0.999932466,1.006630037,FALSE,"ACTB",6.3760106298463,6.35985871660641,6.36975413728514
"41",7.4986704485,7.456787589,7.316819873,1.025856436,0.953499464,1.074106179,FALSE,"CTNNB1",6.38535600661952,6.24606326656303,6.52042721852562
"42",7.4986704485,7.456787589,7.316819873,0.97551048,1.036685439,1.009190972,TRUE,"CTNNB1",6.38227925272852,6.44993088344515,6.37547266172755
"43",6.092617993,5.979075287,5.8884782335,1.271571957,1.119380246,0.891179352,FALSE,"CD276",6.40037223126553,6.65259477278006,6.11195471478298
"44",4.9748179975,5.2464556075,7.2727046875,0.889486054,1.047267291,1.005214877,FALSE,"VTCN1",6.37702210779684,6.47586430490759,6.36659410899472
"45",5.588541978,5.818783067,5.624463661,0.865296545,0.940034225,1.099998654,TRUE,"BAD",6.37554383283992,6.21306339866849,6.57824467627524
"46",5.9975859965,6.479833814,6.111728898,1.012673689,0.985957801,0.996368991,FALSE,"BAK1",6.38455037948779,6.32561037546145,6.34684139551087
"47",5.5072615265,5.443282199,5.335262179,1.039786902,1.007411209,0.995816359,FALSE,"BAP1",6.38620732853043,6.37818720903178,6.345607377623
"48",6.339198418,5.8097769975,5.9036689545,0.895131469,0.969434098,1.078554053,FALSE,"BAX",6.37736711172462,6.28511499204282,6.53035924576792
"49",6.5839798935,7.0245900005,6.807982363,1.007690812,0.936419833,1.051778671,FALSE,"BCL2L1",6.38424586473792,6.20420544534742,6.47057027165422
"50",7.676089897,7.866194561,6.7145188335,1.119779513,1.156638149,0.781853808,FALSE,"BCL2",6.39109585576676,6.74390439431946,5.86783262830133
"51",2.4026550715,2.206474365,2.2436532915,1.00327248,1.015545304,0.987708548,FALSE,"BCL2A1",6.38397585059473,6.39812180213046,6.32750277310241
"52",7.810646642,7.868195542,7.7276857105,1.002468059,1.00230157,0.975598292,FALSE,"BECN1",6.38392669062959,6.36566478651935,6.30046077674567
"53",6.9237646255,6.6533756385,6.9586045065,0.862978409,0.932412861,1.100083331,FALSE,"BID",6.37540216636808,6.19438537853263,6.57843375858081
"54",10.179054205,10.066772967,10.11054892,1.02430323,0.995895035,1.011971903,FALSE,"HSPA5",6.38526108672954,6.34996400254799,6.38168243350863
"55",4.4927299825,4.1482070875,4.2996677015,0.975967098,0.997704141,0.992148107,TRUE,"MAPK7",6.38230715767501,6.35439766013158,6.33741623309067
"56",4.4927299825,4.1482070875,4.2996677015,1.039920298,0.986546443,1.022422481,FALSE,"MAPK7",6.38621548065812,6.32705298693216,6.40501839702598
"57",7.800407245,7.690420407,7.709499466,1.071036005,1.194865729,1.01448543,FALSE,"BRD4",6.38811703105441,6.83759044697161,6.38729509669069
"58",7.8812717125,7.961999207,7.9630997475,0.965509893,0.99900244,0.989446003,FALSE,"ABL1",6.38166809450631,6.35757945998583,6.33138248066433
"59",7.8812717125,7.961999207,7.9630997475,1.032447502,1.016599119,0.98603311,TRUE,"ABL1",6.38575880139337,6.40070443403067,6.32376154845018
"60",2.568130246,2.9274651265,2.918641703,1.080746604,1.131933576,0.983368727,FALSE,"BIRC3",6.38871046746184,6.68335978420218,6.31781202637741
"61",6.751165427,6.479560237,6.5119682825,0.760133861,0.96590433,1.069504574,TRUE,"JUN",6.36911710618914,6.27646443057129,6.51015191256635
"62",2.7247266105,2.876144934,2.8101575885,0.94277613,0.989298987,1.050786515,FALSE,"KIT",6.38027878344095,6.33379877052901,6.4683548041251
"63",7.184116348,6.9116893265,6.989235951,1.160345694,1.038346516,0.997218345,TRUE,"MET",6.39357494575036,6.45400175968898,6.34873798859474
"64",7.8276014425,7.574241559,7.6432089075,0.899768883,1.008133704,0.983108371,FALSE,"MYC",6.37765051445847,6.37995786008034,6.31723065584293
"65",8.1596603285,8.1694465705,7.986985772,1.214939732,0.973582798,1.010335106,FALSE,"RAF1",6.39691130942655,6.29528239805277,6.37802749355436
"66",8.1596603285,8.1694465705,7.986985772,0.876081104,0.990142798,1.015673194,TRUE,"RAF1",6.37620290134318,6.33586673616467,6.38994735356789
"67",4.173743437,4.1978061655,4.750859552,0.883842257,0.987288482,0.995859485,FALSE,"CA9",6.37667720274866,6.32887153534208,6.34570367724994
"68",10.258809555,10.1581795,10.0798604,1.051161609,0.995960057,1.01021809,FALSE,"CANX",6.38690246229691,6.35012335489296,6.37776619881
"69",5.627268096,5.4593099235,4.898715441,0.952790475,1.006497921,0.968003238,FALSE,"CASP3",6.38089078244529,6.37594897298192,6.28350114991389
"70",6.5217810025,6.6350707405,6.612148279,0.958778198,0.999668129,1.038663872,FALSE,"CASP7",6.38125670557997,6.35921089401079,6.44128514780734
"71",4.7917914935,4.8679463875,4.5281755285,1.086821488,1.015468148,0.982147062,FALSE,"CASP8",6.38908171720004,6.397932712445,6.31508406914189
"72",4.7917914935,4.8679463875,4.5281755285,0.920467958,0.990850543,1.0114886,FALSE,"CASP8",6.37891548119276,6.33760123872367,6.38060322610251
"73",4.9037832295,5.077454175,6.0646496805,0.885176171,0.850433716,1.172511783,FALSE,"CAV1",6.37675872121441,5.99347539430532,6.74016526410046
"74",3.157291693,3.208356919,3.2015316635,0.965924783,0.998662414,1.000000175,FALSE,"TNFRSF4",6.38169344936146,6.35674614294774,6.35494976782758
"75",6.520817466,5.8086932925,6.022168987,1.135862781,0.684581837,0.659881861,FALSE,"L1CAM",6.39207874021926,5.58701472197261,5.59547133830063
"76",2.562088035,2.6180201075,2.600102561,1.007207258,0.980298356,1.006619443,FALSE,"MS4A1",6.38421631367227,6.31174051861329,6.36973048106273
"77",3.229429836,3.2476328285,3.3565164955,0.933820123,0.964145429,0.989188651,FALSE,"DPP4",6.3797314618371,6.27215381264319,6.33080781801092
"78",3.129439206,3.1530959805,3.148628549,1.028615558,0.995139778,0.999458736,FALSE,"PECAM1",6.38552462273139,6.34811306018994,6.35374074371897
"79",3.1046400925,3.126384965,3.1645659165,0.977112445,1.005907318,0.992709215,FALSE,"CD38",6.38237715238996,6.37450155560017,6.33866917774285
"80",4.268006863,4.364061416,4.351335889,0.951221241,0.93370032,0.976310748,FALSE,"CD4",6.38079488304841,6.19754061231048,6.30205167891622
"81",5.0424645055,5.367359319,5.70342469,1.027206574,1.035544726,0.974903824,FALSE,"CD44",6.38543851657016,6.44713528670115,6.29891004147419
"82",3.1763829115,3.1828008405,3.1062987765,1.027206574,1.035544726,0.974903824,FALSE,"CD44",6.38543851657016,6.44713528670115,6.29891004147419
"83",2.0960651085,2.074095339,2.3100342655,0.983964826,1.012234882,0.972986666,FALSE,"PTPRC",6.38279591670748,6.39000880178378,6.29462906015956
"84",8.0156044875,7.6554376185,7.709618012,1.242776398,0.971829803,1.040270824,FALSE,"ITGA2",6.39861247029889,6.29098625422497,6.44487344438253
"85",3.002546214,2.990551563,3.133200294,1.002222734,0.977198458,0.991333586,FALSE,"CD86",6.38391169827056,6.30414345891858,6.3355974215053
"86",6.305391262,6.246441881,6.218731167,1.053664227,1.017191239,0.96960873,FALSE,"CDC25C",6.38705540287607,6.40215556919268,6.28708618633383
"87",7.1074749735,6.971554476,6.8475105405,0.976763288,1.024873888,0.95523564,TRUE,"CDK1",6.38235581462534,6.42098378323924,6.25499132001431
"88",7.2742924325,6.888824552,6.660331487,0.938584134,1.008279949,0.905249271,FALSE,"CDC6",6.38002260119656,6.38031626929091,6.1433726053988
"89",2.8922761045,2.9776326625,2.9707432775,1.09057971,0.985499376,0.971101056,FALSE,"CDKN2A",6.38931139054583,6.32448689265959,6.29041852499414
"90",7.737538359,7.4775198335,7.3646607645,1.047573298,0.996126767,1.004212832,FALSE,"CDT1",6.38668317259206,6.35053191860109,6.36435655949624
"91",6.7320260675,6.435131286,6.4521468225,1.096061306,1.004390833,0.952389931,FALSE,"CHEK1",6.38964638312839,6.37078503748533,6.24863690005735
"92",6.7320260675,6.435131286,6.4521468225,1.110728719,1.002306538,0.970873466,TRUE,"CHEK1",6.3905427415175,6.36567696182079,6.28991032038221
"93",6.7320260675,6.435131286,6.4521468225,0.983725829,0.955261297,0.995680233,TRUE,"CHEK1",6.38278131106667,6.25038107007563,6.34530341057259
"94",5.2748854335,4.8910587175,5.158285626,1.586728827,0.841671558,1.124297984,FALSE,"CHEK2",6.41963217194568,5.97200157891511,6.63250466824661
"95",5.2748854335,4.8910587175,5.158285626,1.008226334,0.998133314,0.985126323,TRUE,"CHEK2",6.3842785916842,6.3554494537391,6.3217367084509
"96",3.547277339,3.8521512735,3.774062541,0.912359354,0.994115601,1.026966913,FALSE,"CIITA",6.37841994628013,6.34560306347167,6.41516603664545
"97",9.7706232065,9.3912047635,9.406309317,1.15497767,1.011801049,1.031347129,FALSE,"CLDN7",6.39324689380655,6.38894558770431,6.42494698472068
"98",7.075224376,6.860683976,6.6271489345,1.168108724,1.044601541,0.93107512,FALSE,"COG3",6.39404936186351,6.46933123127705,6.20104128841985
"99",4.4184542285,5.016200798,5.0797360075,0.845407772,0.963012371,1.098212306,FALSE,"COL6A1",6.37432838547182,6.26937697635258,6.57425579147314
"100",5.586229105,5.4383453395,5.1771163345,1.228703013,0.993842864,0.9929871,FALSE,"SDHB",6.39775241428847,6.34493465461759,6.33928969023718
"101",3.463891513,4.2182725495,6.173311362,0.486522709,1.14008862,1.931066787,FALSE,"GJA1",6.35239611718786,6.70334571795903,8.43400572912089
"102",6.304505765,6.6871314215,6.8399134435,0.804652654,1.130614452,0.940922098,FALSE,"NR2F2",6.37183774912589,6.68012694758216,6.22302942336935
"103",9.81201028,10.0236241345,10.045295376,0.937618018,1.043154615,1.002251163,FALSE,"COX4I1",6.37996355968859,6.4657851845375,6.35997618587316
"104",2.607727583,2.699160296,2.695087981,0.969114605,1.02188769,1.000305659,FALSE,"PTGS2",6.38188838651292,6.41366537325729,6.35563190842106
"105",7.1679021925,6.952504505,7.10295472,1.008281755,1.008933313,1.016255005,FALSE,"CREB1",6.38428197858537,6.38191749788307,6.39124652766812
"106",7.1679021925,6.952504505,7.10295472,1.243967408,1.008958904,0.978586116,TRUE,"CREB1",6.39868525558182,6.38198021489978,6.30713253708852
"107",6.77593161,6.6156841875,6.459941252,1.000187924,0.993113238,1.020830427,FALSE,"CSK",6.38378734648379,6.34314652730604,6.40146336743224
"108",7.7366387615,7.4741556155,7.217150434,0.97633336,1.067046015,0.957124678,FALSE,"RBBP8",6.3823295407644,6.52433691494612,6.25920950984562
"109",8.211107985,8.0017136535,7.6977670315,1.115146475,1.013029169,0.964619062,FALSE,"CCNB1",6.39081272046005,6.39195539672134,6.27594434227394
"110",8.523786649,8.757361934,8.9202558545,1.041323859,0.996408124,1.025403561,FALSE,"CCND1",6.3863012554077,6.35122145287755,6.41167509813116
"111",4.699360034,4.740601475,4.673203493,0.910337902,1.015820809,0.98294697,FALSE,"CCND3",6.3782964108306,6.39879699464686,6.31687025014597
"112",7.3368431385,7.5441380455,7.4352483305,0.778231593,1.014460048,0.991043321,FALSE,"CCNE1",6.37022309903888,6.39546211635498,6.33494926468083
"113",7.344229233,7.480075279,7.163117739,0.939047495,1.056393216,0.920173734,FALSE,"PPIF",6.38005091822285,6.49822962047425,6.17669867828053
"114",2.894240982,2.968103385,3.1018700745,1.098276549,1.001361301,1.008991971,TRUE,"DAPK1",6.38978176157904,6.36336042691717,6.37502829586799
"115",4.2367402785,4.2738105155,4.4406172935,1.02080309,1.008651461,0.999345264,FALSE,"DAPK2",6.38504718535157,6.38122675048781,6.35348736266653
"116",8.036960458,8.110047089,8.150533841,1.100959007,1.000528837,1.045880092,FALSE,"DDB1",6.38994569258253,6.36132026988565,6.45739884473905
"117",3.3718302695,3.261651209,3.0456924315,1.008171712,0.990821261,0.981564194,FALSE,"DDR1",6.3842752536117,6.33752947600697,6.31378253477858
"118",6.7989040845,6.994702807,6.982511001,1.008171712,0.990821261,0.981564194,FALSE,"DDR1",6.3842752536117,6.33752947600697,6.31378253477858
"119",7.1317418575,7.2805923335,7.385522875,1.008171712,0.990821261,0.981564194,FALSE,"DDR1",6.3842752536117,6.33752947600697,6.31378253477858
"120",7.206588731,7.397582426,7.441998537,1.008171712,0.990821261,0.981564194,FALSE,"DDR1",6.3842752536117,6.33752947600697,6.31378253477858
"121",7.2816858655,7.4383905375,7.5515551665,1.008171712,0.990821261,0.981564194,FALSE,"DDR1",6.3842752536117,6.33752947600697,6.31378253477858
"122",5.9393264065,6.065109728,6.10029932,1.008171712,0.990821261,0.981564194,FALSE,"DDR1",6.3842752536117,6.33752947600697,6.31378253477858
"123",7.2816858655,7.4383905375,7.5515551665,1.008171712,0.990821261,0.981564194,FALSE,"DDR1",6.3842752536117,6.33752947600697,6.31378253477858
"124",6.529530939,6.6937700605,6.549219465,1.034756423,1.03448349,0.995696397,FALSE,"PARK7",6.38589990471596,6.44453446782189,6.34533950451058
"125",6.683910195,6.710003186,6.3973669705,0.940352161,0.984966417,0.971960226,FALSE,"HIST1H3A",6.38013064927795,6.32318074602578,6.29233703703962
"126",6.683910195,6.710003186,6.3973669705,0.969059172,0.983080031,0.976355805,TRUE,"HIST1H3A",6.3818849988784,6.31855769486434,6.30215229043342
"127",5.327279234,4.566872463,4.8408178395,1.092203824,0.995012878,0.997214644,FALSE,"LIG4",6.38941064378216,6.34780206064245,6.34872972432448
"128",5.8327972315,5.861909376,5.818207121,1.177375707,1.001520054,1.018311366,FALSE,"POLG",6.39461568790573,6.3637494900469,6.39583834692199
"129",9.069766853,9.0574845475,9.058822172,1.231717276,1.028866912,0.936716809,FALSE,"DNMT1",6.39793662263708,6.430769667062,6.21363908431978
"130",7.4302412645,7.6316066505,7.463094741,1.065546081,1.025860066,0.991003429,FALSE,"DNM1L",6.38778152952916,6.42340065409615,6.33486018652108
"131",7.405747091,7.7727786825,8.1604173395,1.040516284,1.063363394,1.00703581,FALSE,"DUSP4",6.38625190269457,6.51531174974068,6.37066022151554
"132",4.206355996,3.937895143,4.140740628,1.02095336,0.999749743,0.965309307,FALSE,"DUSP6",6.38505636868711,6.35941090911772,6.27748564765801
"133",7.115782484,7.541246224,7.505141392,0.812979345,1.105633946,0.987400335,FALSE,"DVL3",6.37234661182249,6.61890609602961,6.32681453869819
"134",10.60917675,10.69554339,10.833454245,0.924409569,1.019728229,0.99780903,FALSE,"CDH1",6.3791563618502,6.40837308488993,6.35005697818654
"135",6.220899315,6.101682751,5.414266634,1.024696926,0.966497462,1.034420611,FALSE,"E2F1",6.38528514637199,6.27791804588729,6.43181001792547
"136",11.188422055,11.11077796,11.27797909,1.373567918,1.097095571,0.969664571,FALSE,"EEF2",6.40660543239636,6.59798071572005,6.28721087834022
"137",4.552492741,4.661969858,4.951640827,0.939670349,1.008474035,1.012131777,FALSE,"EGFR",6.38008898222282,6.38079192459567,6.38203942944046
"138",4.552492741,4.661969858,4.951640827,1.060174316,1.024703439,0.997114271,TRUE,"EGFR",6.38745324896447,6.42056605619535,6.34850559311699
"139",5.6727895295,5.4988245425,5.363264355,1.162839339,1.004378937,1.007583294,FALSE,"EIF4E",6.39372733796944,6.37075588342216,6.37188274400667
"140",5.6727895295,5.4988245425,5.363264355,0.928448791,0.937259711,1.074699643,TRUE,"EIF4E",6.37940320773402,6.20626377220278,6.52175241357731
"141",7.9657152655,8.1017894255,7.9260854665,0.994087153,1.109401413,1.001617986,FALSE,"EIF4G1",6.38341451473317,6.62813919714998,6.35856231236569
"142",6.80048213,6.7404010135,6.879776152,0.890960323,1.042677116,0.987434988,TRUE,"ELK1",6.37711220367032,6.46461495622445,6.32689191825976
"143",5.6354325305,4.698642355,5.5460215135,3.173032433,0.905678204,1.219940175,FALSE,"MUC1",6.51657473059045,6.12886555009099,6.84607205943742
"144",7.305865868,7.5755868095,7.6905021595,0.845255703,0.982332975,1.00576938,FALSE,"ENO1",6.37431909219537,6.31672685106648,6.36783230479387
"145",4.4692186035,4.4165904375,4.626642435,0.991607658,0.964650381,1.028779307,FALSE,"ENO2",6.38326298725221,6.27339132126023,6.41921308172401
"146",6.1049745065,6.227200779,6.229254728,1.047736727,1.002684855,1.022494676,FALSE,"ENY2",6.38669316010351,6.36660412033778,6.40517960723714
"147",4.755196739,4.750703322,4.469761396,0.999651655,1.002287359,0.956378669,FALSE,"EPHA2",6.38375457388668,6.36562995898137,6.25754368439486
"148",7.949905967,7.9840716425,8.2139858225,0.788437185,1.00811479,1.025656687,TRUE,"ESR1",6.37084678557481,6.37991150668836,6.4122403241982
"149",6.436335205,6.5214971435,6.7052865665,1.085281781,0.990823867,1.040631411,FALSE,"ERCC1",6.38898762226412,6.33753586264858,6.44567862904091
"150",5.5070520275,5.2127148535,5.208297526,1.013136406,1.001632558,0.955392257,FALSE,"ESRRA",6.3845786571578,6.36402520866857,6.25534104312037
"151",2.712757984,2.7459568575,2.804285581,0.988778443,1.009110471,1.010072869,FALSE,"ETS1",6.38309008760046,6.38235166697554,6.37744192277877
"152",6.5984229805,6.643509111,6.8801367835,0.886296813,0.954109039,1.011903165,FALSE,"PTK2",6.37682720615159,6.24755717947997,6.38152894271986
"153",6.5984229805,6.643509111,6.8801367835,0.931225363,1.049358278,0.997091918,TRUE,"PTK2",6.37957289025439,6.48098878095805,6.34845567924692
"154",9.778528802,9.8347493595,9.8583483105,0.805057173,0.946669381,1.022858827,FALSE,"FASN",6.37186247018605,6.22932447442509,6.40599275024711
"155",2.74753041,2.56444411,2.6642648465,1.046154367,1.029390449,0.996787326,FALSE,"FGF2",6.38659645854744,6.43205272277589,6.34777553047431
"156",7.470430408,8.3900133665,9.626903581,0.764650872,0.782844547,1.302533914,FALSE,"FN1",6.36939315082657,5.82783157260252,7.03050247850764
"157",8.748510645,8.970507144,8.8156100105,0.69767737,1.004722989,0.943714372,FALSE,"TNFRSF12A",6.36530025043807,6.37159906715985,6.22926452387713
"158",8.2590353345,7.6932771205,7.6455015685,1.213703785,1.012544008,0.950616958,FALSE,"FOXM1",6.39683577794313,6.39076639079968,6.24467788140352
"159",4.3136653485,4.681429202,4.716145955,0.761461713,1.014532448,0.967187778,FALSE,"FOXO3",6.36919825419252,6.39563955029697,6.28168024155745
"160",4.3136653485,4.681429202,4.716145955,0.915319335,0.954736886,1.023188537,TRUE,"FOXO3",6.3786008373344,6.24909587241056,6.40672898708791
"161",7.690747975,7.700424359,7.552867775,0.92371645,1.01061836,0.994342783,TRUE,"FRS2",6.37911400379904,6.38604711848588,6.34231690739484
"162",9.8063132645,9.827067892,9.6771431555,1.40672239,1.041058317,1.006203289,FALSE,"G6PD",6.4086315762783,6.46064769258006,6.36880121623531
"163",3.6473341055,3.677159542,3.636401599,1.039302564,1.085498591,0.972387564,FALSE,"GAB2",6.38617772955279,6.56955947433135,6.29329127554945
"164",5.9577135445,6.0912433975,6.230978566,0.954358079,0.883512334,1.108473867,FALSE,"GAPDH",6.38098658222922,6.07454265379724,6.59716968323369
"165",9.9509672435,10.3087879,10.23256263,0.672573006,0.962320986,1.074871851,FALSE,"GATA3",6.36376606664746,6.26768256798269,6.52213695112206
"166",5.394447515,5.6289566925,5.465600252,0.907049052,0.98866895,0.987758998,FALSE,"GATA6",6.37809542185674,6.33225471046675,6.32761542709719
"167",6.2307512135,6.1558279265,5.461606383,1.003395678,0.998332273,1.022296106,FALSE,"GCLM",6.38398337949985,6.35593705152451,6.40473620379327
"168",7.417374756,7.517620031,7.373325577,1.03577292,1.046988605,0.991116002,FALSE,"KAT2A",6.38596202511943,6.47518131657118,6.33511156012176
"169",2.835232385,3.201083119,2.9590537715,0.962135689,0.988646861,1.045472278,FALSE,"GLI1",6.38146188935875,6.33220057595923,6.45648820299025
"170",5.5948929645,5.2782229005,5.6448296695,0.928730835,0.976601511,1.032817833,FALSE,"GLI3",6.3794204440732,6.30268049401019,6.42823104182152
"171",5.898070586,6.1150883495,6.2655096305,1.076818456,1.009126057,1.001734496,FALSE,"GLUD1",6.38847040955841,6.38238986428797,6.35882247722063
"172",6.6283557755,6.9494892745,6.6931490235,0.934194512,1.018634754,0.966864425,FALSE,"GLS",6.37975434158563,6.40569325644084,6.28095819978988
"173",2.421448546,2.392158831,2.5130804615,1.0688037,0.972771768,1.062061744,FALSE,"GZMB",6.38798060990681,6.29329477029076,6.49353219934609
"174",5.445721403,5.3093561055,5.587742681,1.085545883,1.000163618,1.003447294,FALSE,"GRB7",6.38900376212759,6.36042521122738,6.36264712611953
"175",10.9230066,10.91656011,10.791128945,1.018956319,1.012294893,0.962514175,FALSE,"HSPA9",6.38493432504835,6.39015587344528,6.27124416528467
"176",3.422569757,3.0673381595,3.200428748,1.018956319,1.012294893,0.962514175,FALSE,"HSPA9",6.38493432504835,6.39015587344528,6.27124416528467
"177",9.4580446245,9.461924882,9.56742192,1.251684428,1.062368191,0.977894316,FALSE,"GSK3B",6.39915685992104,6.51287276090965,6.30558775941581
"178",6.757781547,6.9361757725,6.967867308,1.113182081,1.016970626,1.004872339,FALSE,"GYS1",6.39069267195242,6.40161490297384,6.36582922744738
"179",6.757781547,6.9361757725,6.967867308,1.297938863,1.054958368,0.96811872,TRUE,"GYS1",6.40198357181945,6.49471317383348,6.28375901926226
"180",8.534621938,8.538108198,8.266517381,0.891868105,0.989226042,1.005827892,TRUE,"H2AFX",6.37716768025718,6.33362000093097,6.36796296109798
"181",8.534621938,8.538108198,8.266517381,1.097862788,1.014634284,0.999433157,TRUE,"H2AFX",6.3897564757196,6.3958891243704,6.35368362624558
"182",7.391263372,7.7876129365,7.890744212,0.818366201,1.022841779,0.951145872,FALSE,"ERBB3",6.37267581463191,6.41600360215613,6.24585893739945
"183",7.391263372,7.7876129365,7.890744212,1.051436015,1.009056745,0.966661448,TRUE,"ERBB3",6.38691923186085,6.38221999824671,6.28050495558972
"184",2.7946420075,2.941127869,2.945801422,0.899768026,1.007831709,1.004511007,FALSE,"NRG1",6.37765046208528,6.37921774732743,6.36502237921662
"185",7.713404879,7.851198828,7.9835155695,1.086685856,1.152667484,0.945720724,FALSE,"HES1",6.38907342842539,6.73417330670538,6.23374467388175
"186",6.631556158,6.8425358365,6.8330203975,0.938179107,1.004015587,0.958930811,FALSE,"HK1",6.37999784909138,6.3698654052064,6.26324257421732
"187",6.3115341085,6.7238434775,6.903300055,0.970278686,1.02735192,1.001669102,FALSE,"HK2",6.38195952610447,6.42705680790953,6.35867645352717
"188",9.404986771,9.3331535565,9.530409721,0.663548799,0.937322056,1.295054502,FALSE,"HIF1A",6.36321457718919,6.20641656390324,7.01380107830152
"189",2.3432710045,2.463273906,2.422531294,1.126131269,1.019963892,1.003599987,FALSE,"HLA-DQA1",6.39148402577167,6.40895063482184,6.3629880870001
"190",3.3628301965,3.5655001025,3.4595937495,1.126131269,1.019963892,1.003599987,FALSE,"HLA-DQA1",6.39148402577167,6.40895063482184,6.3629880870001
"191",3.531342736,3.100125607,3.3181390525,1.126131269,1.019963892,1.003599987,FALSE,"HLA-DQA1",6.39148402577167,6.40895063482184,6.3629880870001
"192",3.5484526365,3.1936788275,3.339664275,1.126131269,1.019963892,1.003599987,FALSE,"HLA-DQA1",6.39148402577167,6.40895063482184,6.3629880870001
"193",3.3426848775,3.575931077,3.494239031,1.126131269,1.019963892,1.003599987,FALSE,"HLA-DQA1",6.39148402577167,6.40895063482184,6.3629880870001
"194",4.02031505,4.058067283,4.100388651,1.126131269,1.019963892,1.003599987,FALSE,"HLA-DQA1",6.39148402577167,6.40895063482184,6.3629880870001
"195",2.2580353745,2.1469832395,2.3387014125,1.064483748,0.98987021,1.040000779,FALSE,"HLA-DRA",6.38771660798529,6.3351986924716,6.44427043847529
"196",4.615367889,4.843097952,4.7466658045,0.91763415,1.060441341,0.974871812,FALSE,"ARHGAP45",6.37874230085251,6.50815054280029,6.29883855922085
"197",9.017839039,9.14978384,9.109069949,0.974952959,0.857634957,1.070870328,FALSE,"HSBP1",6.38224518137419,6.01112380007641,6.51320161809629
"198",9.017839039,9.14978384,9.109069949,0.613322025,1.066282742,1.370682587,TRUE,"HSBP1",6.36014510677658,6.5224663274157,7.18267731007048
"199",7.781064452,7.7033445445,7.533852819,0.938963829,1.029153845,0.953629493,FALSE,"HSPD1",6.3800458052066,6.43147286669288,6.25140482099048
"200",3.142362764,3.289590832,3.207703614,0.94908673,1.042799342,1.003644222,FALSE,"IDO1",6.38066443831071,6.46491450098956,6.36308686300523
"201",5.6583881695,6.104324042,5.884347449,0.932401113,1.129756695,0.915395634,FALSE,"IGFBP2",6.37964474296461,6.67802480385596,6.16602926197817
"202",9.142903488,9.3918538395,9.255118003,1.211892172,1.124397688,0.932230904,FALSE,"IGF1R",6.39672506622386,6.66489124395065,6.20362213449918
"203",3.2451700935,3.2969320425,3.049185752,0.947935024,0.979756233,0.993528139,FALSE,"IL6",6.38059405498307,6.3104119133518,6.34049782115257
"204",7.22564078,7.636276735,7.520425397,1.057217469,1.074452179,0.973062789,FALSE,"INPP4B",6.38727254943595,6.54248753474613,6.29479904152814
"205",6.0842571905,6.0784400425,5.9884152725,1.055595812,1.102765569,0.905141362,FALSE,"INSR",6.38717344635239,6.61187643528079,6.14313164643106
"206",3.7047136735,3.7084266875,3.60681911,0.890753355,1.003426684,0.986444726,FALSE,"IRF1",6.37709955539329,6.36842215409124,6.32468068000053
"207",7.0611917345,6.6444103995,7.103319538,0.882712182,0.92503067,1.038473816,FALSE,"IRS1",6.37660814133977,6.17629351044383,6.44086075598114
"208",6.3140494485,5.714338821,6.2694855,1.064830668,0.870970634,1.13899148,FALSE,"IRS2",6.38773780904183,6.04380614454012,6.66531499573265
"209",5.7564347685,5.9907001005,5.8490289545,1.047761,0.998198027,1.038319154,FALSE,"COPS5",6.38669464348079,6.35560804880385,6.44051539835695
"210",7.008585079,7.164958759,7.2029763715,0.91330549,0.979350416,0.98533202,FALSE,"JAK2",6.37847776676564,6.30941735934579,6.32219602636496
"211",7.474840747,7.2459038895,7.1145958115,0.957993534,0.927891642,1.040759231,FALSE,"MAPK9",6.38120875300926,6.18330502342551,6.44596404893412
"212",5.2107259505,5.2062402885,5.1590850015,1.024865939,1.007055264,1.006351168,TRUE,"MAPK8",6.38529547513415,6.37731487858315,6.36913142753549
"213",8.987787163,8.9320621555,8.780389746,0.940924323,1.018765539,0.972105873,FALSE,"TRIM28",6.38016561537651,6.40601377713287,6.29266226432163
"214",7.1016827125,7.5069681905,7.005153964,0.718277053,0.842604331,1.069690084,FALSE,"LAD1",6.3665591431051,5.97428756773236,6.51056615325161
"215",9.3373022985,9.2601517265,9.3709672535,1.074482882,1.002690667,1.053379039,FALSE,"HUWE1",6.38832767741142,6.36661836406804,6.47414386626902
"216",3.6404807445,3.898143841,3.691634419,0.977166449,1.041492102,0.964857568,FALSE,"LCK",6.38238045269509,6.46171078902377,6.27647692212882
"217",6.028627846,6.1161349435,6.6728554855,0.881221623,0.880258822,1.281949045,FALSE,"LDHA",6.37651704994798,6.06656912535164,6.98453681498228
"218",6.8162680865,6.7125745275,6.8879804235,0.954895614,1.048879308,0.986316798,TRUE,"LRP6",6.38101943219442,6.47981494759903,6.32439501894515
"219",8.704227382,8.819680546,8.7606091765,0.830846395,1.01281695,0.949456322,FALSE,"MCL1",6.37343850717965,6.39143530205649,6.24208620089045
"220",6.3718599495,6.1371210505,6.3371602695,1.230782739,1.112352845,0.967685229,FALSE,"SLC16A3",6.39787951099238,6.63537240452935,6.28279104120773
"221",7.956582392,7.9266117155,7.8535679365,0.95748638,0.999535109,0.978020489,TRUE,"MDM2",6.38117775969487,6.35888489590357,6.30586950158594
"222",4.612611378,5.356358154,4.770352883,0.95748638,0.999535109,0.978020489,TRUE,"MDM2",6.38117775969487,6.35888489590357,6.30586950158594
"223",7.571362054,7.5192036075,7.723144904,0.976063625,0.979489571,1.008925337,FALSE,"MAP2K1",6.38231305665571,6.30975839277392,6.37487950327556
"224",3.834466103,3.7951359025,3.559589442,0.959237726,0.992304834,1.024962262,FALSE,"MAP2K2",6.38128478836307,6.34116533520055,6.41068968494499
"225",3.431248596,3.6094591705,3.633373274,1.121744784,1.015262247,0.985448815,FALSE,"MLANA",6.39121595786982,6.39742810158741,6.32245682762007
"226",4.193469248,4.3871104195,4.1889812685,1.115834236,1.025136366,1.003490842,FALSE,"PMEL",6.39085475107186,6.4216270498998,6.36274436806531
"227",7.4458970805,7.428323105,7.227654678,1.453970588,1.02409643,0.992690219,FALSE,"BABAM1",6.41151901925464,6.41907843189021,6.33862675999686
"228",7.4458970805,7.428323105,7.227654678,0.887603421,0.982921096,1.01185759,TRUE,"BABAM1",6.37690705588665,6.31816818569901,6.38142717451744
"229",7.544305108,7.169556833,7.670167612,1.150868268,0.893513,1.213729496,FALSE,"NF2",6.39299575906609,6.09905173654411,6.83220371851293
"230",9.616658242,9.390857343,10.0015706015,0.766781731,0.877735241,1.128980939,FALSE,"MIF",6.36952337238238,6.06038447169484,6.64296162737686
"231",8.9931087365,8.399620432,8.674227928,1.265402534,1.014654531,1.011344854,FALSE,"ERRFI1",6.39999520403775,6.39593874460553,6.38028224372127
"232",3.236623482,3.3120960335,3.4301926755,1.049097112,0.995266444,0.979757123,FALSE,"MITF",6.38677629627123,6.34842348626308,6.30974737586878
"233",7.7933585205,8.18864705,8.0673434355,0.98163898,0.998787313,0.979118092,FALSE,"MFN1",6.38265377906031,6.35705223855437,6.30832043047854
"234",7.438546575,7.83015252,7.6820457325,0.98163898,0.998787313,0.979118092,FALSE,"MFN1",6.38265377906031,6.35705223855437,6.30832043047854
"235",6.4742000235,6.434437932,6.395391294,0.987809131,1.067699828,0.992073961,FALSE,"MFN2",6.38303085077779,6.5259392439228,6.33725066632958
"236",7.2135207695,7.2318849675,7.073545875,1.107329268,0.987720123,1.045219721,FALSE,"MLH1",6.39033499346935,6.32992937738839,6.45592424749056
"237",7.0323762645,7.148942333,6.7295949505,1.315325036,1.160810407,0.901304837,FALSE,"MLKL",6.40304607970841,6.75412953498142,6.13456475114226
"238",3.4397121745,3.6005262165,3.6339781315,1.085894757,0.993444317,0.987816951,FALSE,"MMP14",6.38902508259744,6.34395791752813,6.32774483516378
"239",2.367854904,2.7031619505,2.385586209,1.080363206,1.030957862,0.994244324,FALSE,"MMP2",6.38868703715319,6.43589405243489,6.34209705011691
"240",3.424170725,3.1980450965,3.2817718175,1.080363206,1.030957862,0.994244324,FALSE,"MMP2",6.38868703715319,6.43589405243489,6.34209705011691
"241",4.629784121,4.552412404,4.645294787,1.028294616,0.992714216,1.009313326,FALSE,"MKNK1",6.38550500924848,6.34216862611268,6.37574587613543
"242",5.098615113,5.4447809345,5.3577901235,1.062244078,1.053079526,0.933732342,FALSE,"MR1",6.38757973674607,6.49010861109273,6.20697482010102
"243",3.270978438,3.4017298215,3.4780471975,0.985350466,0.997229403,1.019523411,FALSE,"MRAP",6.38288059626469,6.35323419832563,6.39854482286058
"244",7.9905567715,8.134942412,8.200577335,1.065542393,0.994085279,1.072310764,FALSE,"MSH2",6.38778130414724,6.34552875198012,6.51641808726623
"245",7.7541132205,7.821376892,7.654051438,0.975616516,0.930079532,0.971232282,FALSE,"MSH6",6.38228573282547,6.18866698402404,6.29071155042762
"246",8.4834758045,8.5560482505,8.162097274,1.191569524,1.034810117,0.958444287,FALSE,"MSI2",6.39548310378483,6.44533494732699,6.26215617437281
"247",7.502149795,7.4465865675,7.3554548185,1.086601959,1.004904428,0.995797777,FALSE,"MTOR",6.38906830129221,6.37204372789189,6.345565884332
"248",7.502149795,7.4465865675,7.3554548185,0.822755306,1.024243993,0.993462525,TRUE,"MTOR",6.37294404264782,6.41944007118278,6.34035130620285
"249",5.6878315265,6.815064783,6.9290199145,0.985351124,0.989885501,0.999806616,FALSE,"MTSS1",6.38288063647654,6.33523616681424,6.35451755386176
"250",8.256111984,8.71730308,8.7733413025,0.720699335,1.017933428,0.968417998,FALSE,"MYH9",6.36670717417176,6.40397448521435,6.28442730196294
"251",8.256111984,8.71730308,8.7733413025,0.759245228,0.953634393,1.014422365,TRUE,"MYH9",6.36906279984048,6.24639394314256,6.38715427361476
"252",6.0387795755,5.7188143325,5.4907387895,1.176266049,1.018904794,0.936472169,FALSE,"PKMYT1",6.39454787422534,6.40635505563551,6.21309280734688
"253",2.939949964,3.120619724,3.2705562565,0.942896782,0.993794947,0.999201473,FALSE,"CDH2",6.38028615675432,6.34481722226679,6.35316627980105
"254",11.271863995,11.16204234,11.0913561,1.123936395,1.000559535,0.957073425,FALSE,"NRAS",6.39134989211613,6.36139550285735,6.25909506276546
"255",3.4343354955,3.767227883,3.7214924895,1.100887233,0.999538303,1.004138136,FALSE,"NAPSA",6.38994130631298,6.35889272358327,6.36418976459448
"256",5.213446004,5.5630400175,6.3244779145,0.825496699,1.033592598,0.990669895,TRUE,"NDRG1",6.37311157530088,6.44235111865829,6.3341154107531
"257",5.582513032,5.6341711,5.6191463075,1.074370109,0.984340445,1.001390335,FALSE,"NDUFB4",6.38832078560135,6.32164664824217,6.35805397154179
"258",7.5830635395,7.5821583905,7.476423669,1.037589916,1.017478852,0.992815221,TRUE,"RELA",6.38607306580586,6.4028604353302,6.33890588734385
"259",6.735918387,6.4762996575,6.1922540915,1.044486148,1.129085647,0.94255747,FALSE,"NOTCH1",6.38649450995599,6.67638023628825,6.22668118132277
"260",6.735918387,6.4762996575,6.1922540915,0.958725894,0.97254259,1.019626532,FALSE,"NOTCH1",6.38125350916564,6.29273311344053,6.39877509030549
"261",7.123406917,7.2023592075,7.326796302,1.084823576,1.011612863,0.938903211,FALSE,"NOTCH3",6.38895962033252,6.38848439179538,6.21852128292222
"262",10.620281795,10.782722285,10.362379435,0.948510567,0.934241821,1.011478444,FALSE,"NQO1",6.3806292277021,6.19886769320855,6.38058054792667
"263",7.2187649435,7.023086415,6.9826036195,0.995437278,1.029659927,0.999681248,FALSE,"NFE2L2",6.38349702388936,6.43271314465184,6.35423760924298
"264",4.2251274625,4.215998643,4.0957928025,0.984178266,1.103940652,0.965573656,FALSE,"POU5F1",6.3828089605029,6.61475626413233,6.2780759344938
"265",8.14813367,8.3320716685,8.4040221175,0.974955702,1.021178633,0.974385463,FALSE,"CDH3",6.38224534900505,6.41192765532078,6.29775255014836
"266",3.797305261,4.1054391805,3.915452244,0.974955702,1.021178633,0.974385463,FALSE,"CDH3",6.38224534900505,6.41192765532078,6.29775255014836
"267",5.419235705,5.4350058655,5.468022141,0.90771859,0.891105691,1.085504667,FALSE,"CDKN1A",6.3781363388203,6.09315203591635,6.54587984900415
"268",7.6206425325,7.961881829,7.8744794615,1.022496839,1.039461288,0.985938464,FALSE,"CDKN1B",6.38515069413837,6.45673378165551,6.32355020553661
"269",7.6206425325,7.961881829,7.8744794615,1.073525894,1.082890074,1.011535262,TRUE,"CDKN1B",6.38826919373594,6.56316666419255,6.3807074215575
"270",7.6206425325,7.961881829,7.8744794615,0.957135047,1.017673273,0.993849532,TRUE,"CDKN1B",6.38115628895003,6.40333691163455,6.34121548627336
"271",7.073912018,7.089124116,7.1483848915,0.999021822,0.988689847,1.014178297,FALSE,"MAPK14",6.38371608338441,6.33230592368617,6.38660927390816
"272",8.549088388,8.5500186075,8.583733662,0.916733744,1.013974978,1.015881298,FALSE,"TP53",6.3786872750295,6.39427333345112,6.39041204627214
"273",10.455679745,10.54395369,10.51849769,0.669244525,0.896311527,1.061533893,FALSE,"RPS6KB1",6.36356265573461,6.10591021275083,6.49235351701114
"274",10.191105815,10.198193705,10.185779485,0.669244525,0.896311527,1.061533893,FALSE,"RPS6KB1",6.36356265573461,6.10591021275083,6.49235351701114
"275",10.455679745,10.54395369,10.51849769,0.435912926,1.434478275,1.327883694,TRUE,"RPS6KB1",6.34930324023926,7.42481970921296,7.08710810752195
"276",10.191105815,10.198193705,10.185779485,0.435912926,1.434478275,1.327883694,TRUE,"RPS6KB1",6.34930324023926,7.42481970921296,7.08710810752195
"277",5.499711918,5.5263855385,5.218174943,0.945410802,0.911225783,1.090891583,TRUE,"RPS6KA1",6.38043979413518,6.14246125189283,6.55790874111395
"278",3.6087592045,3.8442282945,4.2421918085,1.053408481,1.005878758,0.978289068,FALSE,"SERPINE1",6.38703977366644,6.37443156232139,6.30646923394003
"279",10.000757064,10.073994615,10.027995005,0.922654605,0.887593459,1.139401245,FALSE,"PAICS",6.37904911207794,6.0845444507101,6.66622999403138
"280",4.0050080115,4.4162644735,4.2332734085,0.78931443,1.003881698,0.965468627,FALSE,"PAK1",6.37090039597734,6.36953727740172,6.27784140651724
"281",6.598428412,6.7409708625,6.557528204,1.033340804,1.019067371,0.997306524,FALSE,"PAK4",6.38581339307506,6.40675349041433,6.34893489080695
"282",7.259606387,7.248873996,7.218718286,1.089280237,0.992996579,0.965207715,FALSE,"PARP1",6.38923197684656,6.34286062583866,6.27725879444418
"283",4.8210964105,4.0060830785,4.279433611,0.878628077,1.008421048,0.963041496,FALSE,"PTCH1",6.37635855255552,6.38066206696744,6.2724216641386
"284",3.506591929,3.222810269,3.211267223,1.044699404,0.980021009,1.017301691,FALSE,"PAX8",6.38650754250676,6.3110608118245,6.39358375976285
"285",7.630751819,7.887481618,7.8578867975,0.807759261,1.012329458,1.006694121,FALSE,"PXN",6.37202760082271,6.39024058344811,6.3698972357708
"286",8.9687928305,8.7658605665,8.525876466,1.048694779,0.99724536,0.979867555,FALSE,"PCNA",6.38675170880241,6.35327330486447,6.30999396865275
"287",3.3669252165,3.7883569255,3.5472668135,0.979869891,0.983024736,0.985815443,FALSE,"PDCD1",6.38254566607772,6.31842218091652,6.32327550172904
"288",2.829646452,2.922382745,2.9312406315,1.022050145,1.021122412,0.990985596,FALSE,"CD274",6.3851233956697,6.41178987198304,6.33482036573438
"289",7.8559132735,7.698179298,7.2541604815,1.053799968,0.990785669,1.005956343,FALSE,"DLAT",6.38706369831195,6.33744224908897,6.3682497900035
"290",6.439815872,6.6753761605,6.47164348,0.945935473,1.002070628,1.007151047,FALSE,"PDHA1",6.3804718579526,6.36509880655484,6.37091754378306
"291",5.7849512,5.87216079,5.678180095,1.020319989,1.054646594,0.989642471,FALSE,"PDPK1",6.38501766196976,6.49394909524468,6.33182119037783
"292",5.7849512,5.87216079,5.678180095,1.062745371,1.048789258,0.990459196,TRUE,"PDPK1",6.38761037188166,6.47959425800682,6.33364492345783
"293",8.357804018,8.6966817745,8.677222725,1.012366667,1.004191618,0.980453191,FALSE,"PEA15",6.3845316166872,6.37029681230919,6.31130168391314
"294",8.357804018,8.6966817745,8.677222725,0.871337696,0.979960803,1.006136123,TRUE,"PEA15",6.3759130210791,6.31091326226771,6.3686512356959
"295",6.399114312,5.97689435,6.1046181195,0.863991273,1.01337878,0.985280948,FALSE,"PHLPP1",6.37546406475081,6.39281220415078,6.32208198345472
"296",7.0321812145,7.1487530565,7.173480401,0.983613489,1.055063757,0.977847281,FALSE,"PIK3CA",6.38277444571819,6.49497145540409,6.30548273105814
"297",5.969952438,6.1932549,5.9486352345,0.983613489,1.055063757,0.977847281,FALSE,"PIK3CA",6.38277444571819,6.49497145540409,6.30548273105814
"298",6.999396005,7.1609651735,7.109626382,0.983613489,1.055063757,0.977847281,FALSE,"PIK3CA",6.38277444571819,6.49497145540409,6.30548273105814
"299",7.719200005,7.6263038025,7.5808261,1.144109212,0.984869557,0.998417918,FALSE,"PIK3CB",6.39258269804789,6.32294336685975,6.35141661476876
"300",8.0659916845,8.280967345,8.781059219,1.011176437,1.043755346,1.001508302,FALSE,"PIK3R1",6.38445887907181,6.46725742306518,6.35831738985303
"301",10.19884847,10.334373685,10.36840858,1.148042988,1.146348102,0.910702825,FALSE,"PRKAR1A",6.39282309989098,6.71868611251781,6.15555029903297
"302",7.913292488,7.763296802,7.716990585,1.02470513,1.051250363,1.005558872,TRUE,"PRKCD",6.38528564773676,6.48562579891557,6.36736224399837
"303",5.1112474335,5.0762320785,5.7092628685,0.898658807,0.947573479,1.085770873,FALSE,"PRKCA",6.37758267523316,6.23154018812788,6.54647428248946
"304",10.048123535,10.107822085,10.30701053,0.992040232,0.910122627,1.044013836,FALSE,"PKM",6.38328942281613,6.13975769778086,6.45323152672754
"305",5.4684079825,5.5849076545,5.514268061,0.966552712,1.041690657,0.998714644,TRUE,"PLCG2",6.38173182350603,6.46219739670818,6.35207919889671
"306",1.8874701835,1.859040483,1.8995376335,0.966552712,1.041690657,0.998714644,TRUE,"PLCG2",6.38173182350603,6.46219739670818,6.35207919889671
"307",9.4406483215,9.363069636,9.040284843,1.243918973,1.242454631,0.877577599,FALSE,"PLK1",6.39868229561072,6.95421871322414,6.08158223090887
"308",7.1718395265,6.6597825595,7.1478934465,1.035604427,0.947053759,1.008300521,FALSE,"PMS2",6.38595172813563,6.23026648690786,6.37348429973935
"309",8.4895829945,8.4742808525,8.5299247605,1.052915808,0.996227082,0.979084777,FALSE,"VDAC1",6.38700966531832,6.35077776509129,6.30824603864829
"310",5.2042974845,3.19720105,4.603087431,1.43446026,0.91754231,1.148465504,FALSE,"PGR",6.41032669950628,6.15794144920327,6.68647033072241
"311",6.52225346,6.6676054645,6.538524546,1.063140063,1.002183565,0.996678549,FALSE,"AKT1S1",6.38763449239189,6.36537558634913,6.34753263327729
"312",6.52225346,6.6676054645,6.538524546,0.826672887,0.998909848,0.995622249,TRUE,"AKT1S1",6.37318345477826,6.35735254059969,6.34517393328353
"313",9.0137999725,9.1232179735,9.238506169,0.888975579,0.939900077,0.967192494,FALSE,"PREX1",6.37699091152871,6.21273463612085,6.2816907723055
"314",5.422366877,5.535677213,5.321599085,1.131506027,1.024297656,0.981651616,FALSE,"PTEN",6.39181248924527,6.41957158551467,6.31397774662262
"315",6.8436041655,6.6280989965,6.629869026,0.790253137,0.937568308,1.036444699,FALSE,"PTPN12",6.37095776246006,6.20702006477454,6.43632977211743
"316",4.024088022,3.9357217065,4.019567744,1.185204745,1.068561921,0.970775363,FALSE,"BBC3",6.39509413791528,6.52805201407956,6.28969125804624
"317",7.2719125095,7.6084677255,7.601890729,1.030709582,0.994349495,0.996490489,FALSE,"PYGB",6.38565259321803,6.34617627803559,6.34711269848525
"318",3.7766568895,4.046760669,4.182480945,1.043485673,0.996495962,0.97784293,FALSE,"PYGM",6.38643336869275,6.3514367214217,6.3054730153489
"319",4.2278992375,4.138793034,4.2674778515,0.90046017,0.975569154,0.998900063,TRUE,"PTK2B",6.37769276055202,6.30015045019738,6.35249323638051
"320",7.8845702085,7.916781405,8.0343674865,1.286210228,1.001533042,0.988477753,FALSE,"RAB25",6.40126680872189,6.36378132032367,6.32922039482796
"321",8.5621259,8.345147384,8.3727608775,2.373084892,1.273112312,0.994103547,FALSE,"RAD23A",6.46768814853087,7.0293528733347,6.34178269746234
"322",8.45475174,8.730960354,8.63589627,0.922234698,0.997289711,1.022047979,FALSE,"RAD50",6.3790234506227,6.35338199785841,6.40418214040848
"323",6.319801492,5.794560741,5.5042959015,0.588635453,0.927911225,1.206162899,FALSE,"RAD51",6.35863645518883,6.18335301636592,6.81530763567975
"324",6.738786091,6.793002446,6.792016635,1.134736128,0.997135377,0.996464721,FALSE,"RPTOR",6.39200988793644,6.35300376457108,6.34705515897807
"325",7.627856826,4.20990768,5.226921233,1.484897473,0.992187196,1.038150383,FALSE,"RB1",6.4134090303165,6.34087703445376,6.44013853557493
"326",7.627856826,4.20990768,5.226921233,1.148700268,1.012005293,1.008221373,TRUE,"RB1",6.39286326774076,6.38944613767734,6.37330756359705
"327",7.6235351165,7.7819866795,7.537042624,0.730381645,0.993348245,0.975827444,FALSE,"RBM15",6.36729888177518,6.3437224695492,6.30097246927712
"328",5.470216606,5.079566532,5.010117069,1.207221104,0.996783507,0.99263044,FALSE,"RHEB",6.39643960681886,6.35214142090856,6.33849327450323
"329",6.5923668515,6.7171379005,6.8445500215,0.91220754,1.002862726,1.006845598,FALSE,"RICTOR",6.3784106685873,6.36704003681147,6.37023548134398
"330",6.5923668515,6.7171379005,6.8445500215,0.888703409,0.959670348,1.031715746,TRUE,"RICTOR",6.37697427861173,6.26118653001142,6.42577010023294
"331",6.9642237695,7.0322637195,6.950971759,0.817487134,0.960681561,1.036825894,FALSE,"RIPK1",6.37262209288289,6.26366475527078,6.43718097409047
"332",2.382480679,2.496832551,2.450073158,0.85671362,0.9873519,1.013104382,FALSE,"RIPK3",6.37501931111091,6.32902695669198,6.38421123991801
"333",6.521346169,6.4128414565,6.3480835145,0.810657233,0.978080336,1.056418606,FALSE,"RPA2",6.37220470236841,6.30630471706625,6.48093116785373
"334",6.521346169,6.4128414565,6.3480835145,0.831691397,0.998446304,1.025097522,TRUE,"RPA2",6.37349014714039,6.35621651243389,6.41099171823208
"335",8.009415866,8.1091993155,7.879562077,0.921360272,0.995187661,1.024232369,FALSE,"RRM1",6.37897001249556,6.34823040921541,6.40905984624903
"336",8.8702391965,8.725964684,8.685959073,1.124381225,0.954070439,1.014588823,FALSE,"RRM2",6.3913770766716,6.24746258072085,6.38752597150699
"337",2.855952877,3.032209789,2.8226029795,1.032382587,1.02867444,1.000331993,FALSE,"S100A4",6.38575483429263,6.43029796725976,6.35569071179665
"338",7.7095517455,7.674960514,7.633805189,1.30694306,0.991245003,0.957889836,FALSE,"RPS6",6.4025338384219,6.33856795961809,6.26091809468878
"339",7.7095517455,7.674960514,7.633805189,0.647257683,1.104928004,0.962719336,TRUE,"RPS6",6.36221899068088,6.61717601216394,6.27170228631981
"340",7.7095517455,7.674960514,7.633805189,0.691232213,0.885491898,0.957305947,TRUE,"RPS6",6.3649063724893,6.07939406048143,6.25961428044978
"341",11.310299085,11.156740855,11.42213154,0.994027006,0.984515951,1.040559244,FALSE,"SCD",6.38341083901557,6.32207676870381,6.44551748135327
"342",4.3633180185,4.2328844215,4.134905687,0.880920786,0.948640187,1.012794228,FALSE,"SDHA",6.37649866512656,6.23415441748408,6.38351867129369
"343",6.056043022,6.033785856,6.1472667475,0.922473506,0.98835074,1.015565374,FALSE,"SETD2",6.3790380447133,6.33147485888278,6.38970659333564
"344",5.992612625,6.2254459235,5.523563376,1.098954593,0.994477035,0.972724352,FALSE,"SRSF1",6.38982319836326,6.34648884605991,6.29404331744427
"345",10.33401483,10.25581944,10.051944123,1.098954593,0.994477035,0.972724352,FALSE,"SRSF1",6.38982319836326,6.34648884605991,6.29404331744427
"346",4.0249845875,4.236931236,4.110337684,0.903184938,0.994157009,1.011122061,FALSE,"SFRP1",6.37785927721417,6.34570454392292,6.37978475072902
"347",7.744513516,8.1338137675,7.7047601355,1.001820899,1.118518124,0.951457659,TRUE,"SHC1",6.38388714123563,6.6504819315517,6.24655515248509
"348",9.479951874,9.4869447415,9.3082840605,0.914689623,1.02718417,1.000550625,TRUE,"PTPN11",6.37856235422672,6.42664569542655,6.35617891334643
"349",9.479951874,9.4869447415,9.3082840605,0.936850651,1.005378178,0.954697994,FALSE,"PTPN11",6.37991666417621,6.37320476836173,6.25379076561041
"350",9.3423094335,8.8753439515,9.001418205,1.752516809,0.984080994,0.95947632,FALSE,"SLC1A5",6.42976384605072,6.32101079998689,6.26446068656694
"351",2.5501256125,2.6333990115,2.6408036705,1.020380271,0.995112981,1.03223491,FALSE,"SLFN11",6.3850213459375,6.3480473875747,6.42692938464414
"352",6.504787088,6.6918398225,6.7009723975,1.065459982,0.948181816,1.046814508,FALSE,"DIABLO",6.38777626782684,6.23303106702244,6.45948537982697
"353",3.548507366,3.6262883765,3.838602007,0.947478723,1.00669563,1.003924799,FALSE,"SMAD1",6.38056616940916,6.37643350733602,6.36371338668993
"354",4.658176052,4.9480550145,4.792351431,1.078958721,1.030517712,0.994278929,FALSE,"SMAD3",6.38860120593591,6.4348153569989,6.34217432249529
"355",7.1870036055,7.1191309455,7.18419673,1.034785551,0.994926919,0.975757894,FALSE,"SMAD4",6.38590168479314,6.34759139704826,6.30081716530612
"356",5.4810435345,5.423235715,5.633795016,1.034785551,0.994926919,0.975757894,FALSE,"SMAD4",6.38590168479314,6.34759139704826,6.30081716530612
"357",4.7960576125,4.588398589,4.5719248,1.079759707,0.986326252,0.996813731,FALSE,"SNAI1",6.38865015598052,6.32651335492774,6.3478344923917
"358",9.144268153,9.277734672,9.1391921705,1.005480867,0.981964359,1.017257498,FALSE,"SOD1",6.3841108100599,6.31582346722726,6.393485077543
"359",3.324588809,3.2173720935,3.2621762785,1.048760872,1.003226478,0.994270048,FALSE,"SOD2",6.38675574789335,6.36793150022674,6.34215449137284
"360",4.621310323,4.5810044135,4.4979107045,1.092920418,0.989695199,0.998163115,FALSE,"SOX17",6.38945443644304,6.33476978512877,6.35084764398914
"361",4.0444266785,4.525825344,4.856212046,0.855395975,0.973988618,1.035078987,FALSE,"SOX2",6.37493878688011,6.29627695941102,6.43328016037277
"362",5.67760669,5.440426995,5.362426763,1.036142981,1.031517776,0.980772724,FALSE,"SRC",6.3859846403742,6.43726625890165,6.31201519568546
"363",5.67760669,5.440426995,5.362426763,1.029228207,1.024595474,0.993012957,TRUE,"SRC",6.38556206308101,6.42030146150548,6.33934742847986
"364",5.67760669,5.440426995,5.362426763,1.02735465,1.070947413,0.995371975,TRUE,"SRC",6.38544756582546,6.53389824680246,6.34461507568413
"365",8.1911062965,8.3298480945,8.7273101745,0.988191082,0.908707288,1.14545679,FALSE,"STAT3",6.38305419265704,6.13628906272537,6.67975192336368
"366",8.1911062965,8.3298480945,8.7273101745,1.017976337,0.994106357,1.015518621,TRUE,"STAT3",6.38487443615813,6.34558040878439,6.38960219467919
"367",4.2075049445,4.49875121,4.3668625815,1.030592843,1.056807427,0.961372161,FALSE,"STAT5A",6.38564545903684,6.49924474603425,6.26869406738192
"368",5.7778078325,5.5987514605,5.8770093465,0.977519939,1.040944045,0.993973655,FALSE,"STMN1",6.38240205525902,6.46036764104113,6.34149265082825
"369",3.4349637935,3.462708844,3.5811742565,1.137340525,1.073828166,0.959995037,FALSE,"TMEM173",6.39216904845776,6.54095823797208,6.26561897283472
"370",5.5961247,5.9822081575,5.63138686,0.874059712,0.965696825,1.012366467,FALSE,"SYK",6.37607936956038,6.27595588871864,6.38256348823203
"371",6.358523653,6.2928757485,6.5845445055,1.132343479,1.061079723,0.973588388,FALSE,"MAPT",6.39186366780864,6.50971505433003,6.29597269518526
"372",5.4477510735,5.2932334735,5.2067638825,0.84556289,0.984299527,1.035200855,FALSE,"WWTR1",6.37433786507948,6.32154636865601,6.43355228955089
"373",4.886823043,4.889808089,4.726679291,1.080365004,0.990884555,1.055968636,FALSE,"TFAM",6.38868714703299,6.33768459346448,6.47992639247155
"374",6.950942667,6.8115969545,6.690683343,1.073981108,0.972660864,1.068889868,FALSE,"TIGAR",6.38829701288085,6.29302297286118,6.50877928448875
"375",3.9082079915,3.701422563,3.789487152,1.006984886,0.992299182,0.978269157,FALSE,"TGM2",6.38420272402237,6.3411514835895,6.30642477301456
"376",9.509699381,9.664288319,9.3716143715,1.034210129,0.998549246,1.002496314,FALSE,"TRAP1",6.38586651946869,6.35646879703135,6.3605236039004
"377",6.9978989245,6.93740684,6.498568239,1.097369025,1.001534889,1.03783152,FALSE,"TRIP13",6.38972630075914,6.36378584684979,6.43942651990124
"378",7.0329726545,7.000002711,7.33808858,1.005945487,1.049747089,0.996870195,FALSE,"TSC1",6.38413920402649,6.48194165759366,6.34796057554653
"379",3.923126637,3.962509238,3.883288084,1.060369946,1.046690316,0.996472619,FALSE,"NKX2-1",6.38746520435099,6.47445028627945,6.34707279507818
"380",6.3990378675,6.3282127,6.2913923175,0.964127108,1.071189907,0.991115254,FALSE,"TSC2",6.38158358942453,6.53449253777384,6.33510988985044
"381",6.3990378675,6.3282127,6.2913923175,1.004860693,0.995787107,0.992026173,TRUE,"TSC2",6.38407290984071,6.34969949853569,6.33714395653567
"382",4.170373639,3.752986432,3.532303703,0.970128662,1.064503189,0.988170969,FALSE,"TYRO3",6.38195035780254,6.51810509670072,6.32853535135652
"383",3.184285359,3.401461898,3.267744964,0.900049398,0.905793274,0.894857811,FALSE,"HIST1H2BB",6.37766765735705,6.12914755732447,6.12016865137329
"384",6.0138326915,5.9602985885,5.8085812985,0.994166659,0.997400363,0.953456566,FALSE,"UBAC1",6.38341937352252,6.35365317770025,6.25101867793091
"385",8.3285448855,8.14224213,8.0603807645,1.025978643,0.949805155,0.989270103,FALSE,"UBQLN4",6.38536347496241,6.23700945704939,6.33098969894616
"386",6.0475650695,6.056828655,5.9811937645,0.742507252,1.060355711,0.920069191,TRUE,"ULK1",6.36803990471886,6.50794068550123,6.17646523553373
"387",10.02944436,9.82763212,9.842860019,1.099895444,0.978802986,0.998957987,FALSE,"UQCRC2",6.38988069587061,6.30807574798029,6.35262257969059
"388",7.601230345,7.3730556,7.46689213,1.024601825,0.997568783,1.024035302,FALSE,"UVRAG",6.38527933453733,6.35406593218242,6.40861979897868
"389",7.301498817,7.2998897845,7.181464564,1.187453994,0.963057075,1.02060884,FALSE,"VASP",6.39523159454859,6.26948653445953,6.40096856741755
"390",4.411866425,3.698070071,3.926236899,0.840536088,0.994018827,0.985755086,FALSE,"VAV1",6.37403066597469,6.34536589506972,6.32314072557121
"391",6.336264246,6.1345079325,6.3823499185,0.980515917,0.999602576,1.006420334,FALSE,"VEGFA",6.38258514617041,6.3590502403202,6.369285874041
"392",3.060796169,3.290175127,3.0918168485,0.90541815,0.989989812,0.995782178,FALSE,"KDR",6.37799575379057,6.33549180648168,6.34553105202943
"393",5.9758641965,5.8421114595,5.883250329,0.944865779,1.007709965,1.00226921,FALSE,"VHL",6.38040648656156,6.37891938382145,6.36001648451823
"394",6.870203838,7.134260596,7.0194335805,0.529632977,1.042719004,1.112394078,FALSE,"EPPK1",6.35503068201389,6.46471761303332,6.60592344794185
"395",7.945258781,7.9756940295,7.7596038315,1.147476736,1.090310518,0.915431053,FALSE,"VCL",6.39278849496572,6.58135228063194,6.16610835200475
"396",7.7117211615,7.530222198,7.543885087,0.946112516,1.01287666,1.008875434,FALSE,"WEE1",6.38048267744601,6.39158163604373,6.37476807072251
"397",7.7117211615,7.530222198,7.543885087,0.963478209,0.979095964,1.021275404,TRUE,"WEE1",6.38154393375639,6.30879376236503,6.40245699353006
"398",7.289138658,7.5214575415,7.668832595,0.986383806,1.038134875,1.012451193,FALSE,"WIPI1",6.38294374598154,6.45348308155478,6.38275267995377
"399",5.6385377445,5.4467863245,5.5729976315,1.043252804,0.972718684,1.04367122,FALSE,"WIPI2",6.38641913754771,6.29316467494026,6.45246647100752
"400",10.46378247,10.202356165,10.51418187,1.20806173,0.994661624,1.029564428,FALSE,"XBP1",6.39649097935246,6.34694122663888,6.42096624360776
"401",5.283215065,5.0473897795,5.147352496,1.085042337,1.012245323,1.000617623,FALSE,"XIAP",6.38897298930614,6.3900343900129,6.35632851874469
"402",5.1459769745,5.292249207,5.2536224235,1.136938741,0.994601261,0.983255407,FALSE,"XPA",6.39214449453956,6.34679329231512,6.31755898473839
"403",6.838368365,6.743193263,6.40690286,1.072379875,0.998083622,1.021991845,FALSE,"ERCC4",6.38819915795357,6.35532767131583,6.40405679413806
"404",8.152541036,8.317129928,8.3594814,0.980549951,1.04293783,1.005358654,FALSE,"XRCC1",6.38258722606421,6.46525389977074,6.36691516059844
"405",6.11043808,6.018937322,6.1881986385,0.977071421,0.99454412,1.01973795,FALSE,"YAP1",6.38237464532163,6.34665325429193,6.39902388481075
"406",6.11043808,6.018937322,6.1881986385,0.96032892,0.759125529,1.268132135,TRUE,"YAP1",6.38135147366715,5.76970230652799,6.95368388917448
"407",10.05859543,10.10497622,9.9422879745,0.946113259,0.96262967,1.013831307,TRUE,"YBX1",6.3804827228524,6.26843907376927,6.38583445112029
"408",3.956857983,4.019550363,3.9866198695,1.152109449,1.093335143,0.993884688,FALSE,"ZAP70",6.39307161041096,6.58876486539412,6.3412939890254
